GeneID,RTproportion,sampleType
ENSG00000053372.5,3.305456354,control
ENSG00000056736.10,7.980181006,control
ENSG00000072756.17,59.15486883,control
ENSG00000078674.18,15.78318004,control
ENSG00000078898.7,3.246523358,control
ENSG00000079246.16,2.563673491,control
ENSG00000089280.19,0.974578654,control
ENSG00000090661.12,10.99881383,control
ENSG00000100416.15,5.309880865,control
ENSG00000100726.15,19.51995715,control
ENSG00000101442.10,21.60217516,control
ENSG00000101447.15,5.788444646,control
ENSG00000101811.14,24.87400971,control
ENSG00000102144.15,0.231206689,control
ENSG00000102384.13,58.13606069,control
ENSG00000104805.16,4.313803701,control
ENSG00000105373.19,8.602858374,control
ENSG00000107175.12,22.73460604,control
ENSG00000108064.11,7.719337508,control
ENSG00000109084.14,7.688982457,control
ENSG00000109181.12,9.933702501,control
ENSG00000111666.11,15.18524696,control
ENSG00000112414.15,3.740397893,control
ENSG00000112679.14,19.30655027,control
ENSG00000112759.19,6.262250349,control
ENSG00000112996.11,27.31052577,control
ENSG00000115368.10,7.264876865,control
ENSG00000119401.11,23.45425572,control
ENSG00000119408.17,82.85244974,control
ENSG00000120942.14,22.99874918,control
ENSG00000122515.15,17.21028782,control
ENSG00000123353.10,5.366129741,control
ENSG00000125445.11,1.678183807,control
ENSG00000130545.16,69.76467439,control
ENSG00000130713.16,13.37845969,control
ENSG00000131002.12,13.83597887,control
ENSG00000132603.15,3.459675056,control
ENSG00000132677.13,5.538755097,control
ENSG00000135912.11,4.562626539,control
ENSG00000135929.9,6.285570295,control
ENSG00000135930.14,11.98568254,control
ENSG00000136807.14,23.26329091,control
ENSG00000136870.10,6.125045101,control
ENSG00000136937.13,4.361145692,control
ENSG00000137054.16,66.44764131,control
ENSG00000137496.18,49.66107213,control
ENSG00000138092.11,11.08670378,control
ENSG00000140534.14,7.124287374,control
ENSG00000140854.13,7.569826036,control
ENSG00000141198.16,13.59319789,control
ENSG00000141401.12,6.731456791,control
ENSG00000141959.17,3.903281972,control
ENSG00000143252.16,53.76962158,control
ENSG00000143653.10,30.90275206,control
ENSG00000144120.13,10.03088255,control
ENSG00000145192.13,0.926377328,control
ENSG00000146205.14,36.10207125,control
ENSG00000149084.13,12.73513391,control
ENSG00000149503.13,21.25389866,control
ENSG00000151532.14,33.01006109,control
ENSG00000151655.19,0.326005729,control
ENSG00000151715.8,14.4998762,control
ENSG00000151806.14,8.031579171,control
ENSG00000154639.19,57.41962824,control
ENSG00000158417.11,2.640992354,control
ENSG00000159202.18,15.37618361,control
ENSG00000160305.18,21.78375398,control
ENSG00000160867.15,3.865725593,control
ENSG00000161021.13,8.236335672,control
ENSG00000163513.19,2.375370475,control
ENSG00000164616.16,8.423137046,control
ENSG00000165443.12,22.5151841,control
ENSG00000167186.11,10.61539311,control
ENSG00000167526.14,0.057182595,control
ENSG00000167625.11,37.42759678,control
ENSG00000168495.13,8.759344992,control
ENSG00000168763.16,8.325317815,control
ENSG00000169174.11,7.819933154,control
ENSG00000170315.14,0.440619452,control
ENSG00000170439.7,12.32994327,control
ENSG00000173207.13,4.277693804,control
ENSG00000176720.6,13.20996565,control
ENSG00000177337.8,22.11637051,control
ENSG00000177602.5,27.70673771,control
ENSG00000178623.12,48.94457276,control
ENSG00000178921.14,15.80156786,control
ENSG00000179832.17,35.60391699,control
ENSG00000183048.12,15.63945519,control
ENSG00000183888.4,28.95362941,control
ENSG00000184988.8,31.59108822,control
ENSG00000185090.15,19.37799837,control
ENSG00000185404.17,48.75788901,control
ENSG00000186230.7,31.8247193,control
ENSG00000188211.9,83.70420815,control
ENSG00000196743.9,29.74307496,control
ENSG00000197713.15,27.62879223,control
ENSG00000198231.13,0.528350318,control
ENSG00000198466.12,31.4675473,control
ENSG00000198498.10,22.5018694,control
ENSG00000198612.11,5.498449508,control
ENSG00000204128.6,6.734989852,control
ENSG00000204335.4,7.493447527,control
ENSG00000224093.5,50.00032734,control
ENSG00000228709.1,15.67530442,control
ENSG00000231587.1,69.56833509,control
ENSG00000235169.11,65.59416216,control
ENSG00000243679.1,54.13319011,control
ENSG00000244300.3,34.52024133,control
ENSG00000250474.2,31.20214627,control
ENSG00000256162.2,5.559537502,control
ENSG00000258867.6,22.49340636,control
ENSG00000260219.2,29.39197054,control
ENSG00000260276.2,10.32957325,control
ENSG00000260404.3,21.65678856,control
ENSG00000260573.4,57.8099289,control
ENSG00000262943.7,27.41561284,control
ENSG00000272606.1,10.6946592,control
ENSG00000279069.1,26.14404217,control
ENSG00000286024.1,20.01881332,control
ENSG00000286403.1,43.30726771,control
ENSG00000287733.1,67.33662301,control
ENSG00000288473.1,16.31497,control
ENSG00000284820.1,5.292791454,control
ENSG00000282826.2,35.81797033,control
ENSG00000272145.1,30.87670864,control
ENSG00000269699.6,2.380717971,control
ENSG00000267056.2,32.22789242,control
ENSG00000260852.1,40.38816312,control
ENSG00000260604.2,40.8291104,control
ENSG00000259803.7,0.99354821,control
ENSG00000255277.3,49.81569618,control
ENSG00000254290.1,24.631538,control
ENSG00000251595.7,34.71642535,control
NA,NA,control
ENSG00000237522.1,29.30420395,control
ENSG00000235381.1,35.64557315,control
ENSG00000233830.2,9.865084634,control
ENSG00000230952.1,77.42304709,control
ENSG00000228474.6,0.597274807,control
ENSG00000223508.5,32.0779978,control
ENSG00000223501.9,9.536633579,control
ENSG00000214796.8,53.00285301,control
ENSG00000214429.3,35.2346665,control
ENSG00000213886.4,14.66674171,control
ENSG00000213380.16,6.603120757,control
ENSG00000204713.11,7.563588767,control
ENSG00000204386.12,1.150007759,control
ENSG00000198833.7,10.28993556,control
ENSG00000198736.12,7.394921098,control
ENSG00000198171.13,9.081272927,control
ENSG00000196584.3,44.83413462,control
ENSG00000196497.17,1.722323871,control
ENSG00000188313.13,11.18151483,control
ENSG00000188002.10,36.61584956,control
ENSG00000187741.15,18.97987736,control
ENSG00000186910.4,11.02731294,control
ENSG00000186806.5,16.34987926,control
ENSG00000183808.11,14.07404446,control
ENSG00000183513.9,9.999748929,control
ENSG00000181924.7,4.387321928,control
ENSG00000181031.16,44.44040478,control
ENSG00000179604.10,10.42487255,control
ENSG00000179409.11,5.13648907,control
ENSG00000178917.17,65.5478568,control
ENSG00000178381.12,20.23411389,control
ENSG00000177830.18,3.338742999,control
ENSG00000173039.19,8.688980709,control
ENSG00000170322.14,22.33830633,control
ENSG00000169100.14,4.332242293,control
ENSG00000167747.15,0.718384891,control
ENSG00000165802.23,2.566078449,control
ENSG00000165282.14,8.156561495,control
ENSG00000164946.20,38.65564494,control
ENSG00000164050.13,6.666066847,control
ENSG00000163507.14,46.86148742,control
ENSG00000163251.4,6.302949447,control
ENSG00000162882.15,52.45052135,control
ENSG00000161944.16,2.059045851,control
ENSG00000160294.11,9.952310799,control
ENSG00000160193.12,60.97686509,control
ENSG00000158874.11,0.024716915,control
ENSG00000158604.15,25.46548207,control
ENSG00000157399.16,14.86964881,control
ENSG00000152291.14,4.674310745,control
ENSG00000150779.12,6.599655356,control
ENSG00000149485.19,4.363520494,control
ENSG00000147813.16,37.90970179,control
ENSG00000147164.12,10.34152262,control
ENSG00000146574.16,37.64038775,control
ENSG00000146535.14,24.15331498,control
ENSG00000146038.12,22.08155998,control
ENSG00000145919.11,3.834983374,control
ENSG00000144045.14,7.483972527,control
ENSG00000143409.15,60.85452945,control
ENSG00000140326.13,10.71904295,control
ENSG00000139194.8,4.217015391,control
ENSG00000137713.16,25.24239753,control
ENSG00000136827.12,8.369935258,control
ENSG00000135698.10,12.77039088,control
ENSG00000134569.10,9.749673198,control
ENSG00000133818.14,11.96383847,control
ENSG00000133193.12,23.15874036,control
ENSG00000132199.20,7.474612524,control
ENSG00000131153.9,10.56503108,control
ENSG00000131148.9,1.946419292,control
ENSG00000129354.12,6.492234651,control
ENSG00000128699.14,8.459685482,control
ENSG00000127423.11,12.60330559,control
ENSG00000126953.8,33.92253405,control
ENSG00000124571.18,5.226543571,control
ENSG00000123453.18,60.55674877,control
ENSG00000122965.11,6.537769095,control
ENSG00000121579.13,10.23308736,control
ENSG00000121390.19,23.14668864,control
ENSG00000120725.13,46.61845912,control
ENSG00000119559.17,48.18370387,control
ENSG00000116771.6,20.37321662,control
ENSG00000116580.19,30.0912563,control
ENSG00000115561.16,24.07753697,control
ENSG00000115514.12,18.13010503,control
ENSG00000114993.17,19.08801185,control
ENSG00000114850.7,3.941180929,control
ENSG00000114686.9,8.822801101,control
ENSG00000112308.13,6.088349009,control
ENSG00000111196.10,7.180893718,control
ENSG00000105379.10,4.991366518,control
ENSG00000104760.17,14.61734987,control
ENSG00000104228.13,23.85066973,control
ENSG00000103550.14,16.09342356,control
ENSG00000100593.18,19.59588221,control
ENSG00000100445.17,1.539692849,control
ENSG00000100350.15,14.59479045,control
ENSG00000099977.14,31.29488365,control
ENSG00000092330.18,1.939387656,control
ENSG00000092199.18,0.35854396,control
ENSG00000090863.12,1.746526056,control
ENSG00000089094.19,6.838080546,control
ENSG00000085840.13,29.01486872,control
ENSG00000083807.10,8.120901924,control
ENSG00000073614.13,23.33870062,control
ENSG00000070423.18,5.3133149,control
ENSG00000065427.15,0.887701532,control
ENSG00000053371.13,14.52675543,control
ENSG00000044446.12,4.040350731,control
ENSG00000041802.11,5.315779765,control
ENSG00000004455.17,3.159394291,control
ENSG00000011478.13,8.209103321,control
ENSG00000046651.15,27.28566046,control
ENSG00000062716.13,1.631558278,control
ENSG00000065548.18,1.489393756,control
ENSG00000071054.16,0.861054185,control
ENSG00000075420.13,15.17204633,control
ENSG00000077380.16,5.540996659,control
ENSG00000078269.15,9.610572528,control
ENSG00000079459.13,0.788438116,control
ENSG00000084734.9,10.24073212,control
ENSG00000085999.13,6.911048577,control
ENSG00000095380.11,1.387258272,control
ENSG00000100889.12,0.680064957,control
ENSG00000100938.18,0.451718696,control
ENSG00000101337.16,2.175626161,control
ENSG00000102390.11,6.858394533,control
ENSG00000104131.13,6.848762132,control
ENSG00000107185.10,8.420302693,control
ENSG00000109805.10,5.80477016,control
ENSG00000110917.8,0.703540537,control
ENSG00000111058.8,4.067192142,control
ENSG00000111321.11,3.582414529,control
ENSG00000111445.14,6.460636402,control
ENSG00000112578.10,17.17374569,control
ENSG00000115282.21,7.264115553,control
ENSG00000115839.18,3.243555913,control
ENSG00000115946.8,5.797363078,control
ENSG00000117593.12,19.3834821,control
ENSG00000117724.13,5.860371207,control
ENSG00000118518.16,7.99360126,control
ENSG00000119048.8,2.664470115,control
ENSG00000119471.15,53.93473192,control
ENSG00000119782.14,27.05628954,control
ENSG00000120437.9,2.059430414,control
ENSG00000122435.10,10.77955215,control
ENSG00000122873.12,43.29970025,control
ENSG00000124588.22,31.54045289,control
ENSG00000125629.15,4.300780301,control
ENSG00000126261.13,5.356668015,control
ENSG00000127774.7,2.580923259,control
ENSG00000128708.13,7.662096846,control
ENSG00000128944.13,11.80673914,control
ENSG00000129128.13,5.098535236,control
ENSG00000130803.15,3.883553481,control
ENSG00000130988.13,13.46278654,control
ENSG00000132670.20,11.66314439,control
ENSG00000134330.19,10.45870037,control
ENSG00000135249.8,22.25085269,control
ENSG00000136463.8,6.261133589,control
ENSG00000136718.10,1.045783467,control
ENSG00000136731.13,8.376236756,control
ENSG00000136738.15,23.41188315,control
ENSG00000136816.16,7.228318575,control
ENSG00000136824.19,51.01883772,control
ENSG00000136868.11,16.08588553,control
ENSG00000136874.11,12.24027501,control
ENSG00000137106.18,4.138185044,control
ENSG00000138363.15,0.892578533,control
ENSG00000138381.10,3.094204436,control
ENSG00000139133.7,41.11517365,control
ENSG00000139726.11,2.633211338,control
ENSG00000141428.17,5.244419244,control
ENSG00000142166.13,27.01544472,control
ENSG00000143337.19,19.30631988,control
ENSG00000143727.16,1.041597185,control
ENSG00000143924.19,1.323559137,control
ENSG00000144852.20,7.976813843,control
ENSG00000145916.19,6.918934871,control
ENSG00000148843.15,4.107492681,control
ENSG00000149657.20,8.796338885,control
ENSG00000149925.22,0.09036553,control
ENSG00000151014.6,22.73875793,control
ENSG00000152256.14,34.89149682,control
ENSG00000152455.16,40.16371375,control
ENSG00000153044.10,17.22297168,control
ENSG00000153551.14,8.281993904,control
ENSG00000155115.7,6.84903284,control
ENSG00000155463.14,0.657339622,control
ENSG00000155827.12,2.953487092,control
ENSG00000156110.15,16.50330817,control
ENSG00000158882.15,3.634659802,control
ENSG00000162607.13,3.861643666,control
ENSG00000163938.17,1.246742648,control
ENSG00000164056.11,3.485175795,control
ENSG00000164406.8,9.91313244,control
ENSG00000164975.15,40.17641592,control
ENSG00000165304.8,27.901982,control
ENSG00000166037.11,10.41254745,control
ENSG00000167258.15,2.115248341,control
ENSG00000168116.14,19.19861544,control
ENSG00000168872.17,6.459529718,control
ENSG00000168876.9,6.954047396,control
ENSG00000169251.13,13.40333996,control
ENSG00000169299.14,32.32629805,control
ENSG00000170364.12,32.73764438,control
ENSG00000170632.14,10.62840001,control
ENSG00000171109.19,3.654502287,control
ENSG00000171234.14,34.84315984,control
ENSG00000173744.18,5.445426319,control
ENSG00000173890.17,16.20399346,control
ENSG00000175115.13,11.54105034,control
ENSG00000176890.16,0.728081875,control
ENSG00000178057.15,1.57485715,control
ENSG00000180210.15,9.94521664,control
ENSG00000180346.4,10.29194653,control
ENSG00000184661.14,49.40844651,control
ENSG00000186204.15,23.04365707,control
ENSG00000188811.14,10.53989241,control
ENSG00000196422.11,7.014742618,control
ENSG00000196646.12,16.78187033,control
ENSG00000197157.11,1.733781188,control
ENSG00000198429.10,23.36991297,control
ENSG00000198839.10,17.6556648,control
ENSG00000198863.7,18.07521637,control
ENSG00000204685.7,19.70881907,control
ENSG00000205138.4,5.898443647,control
ENSG00000206557.6,12.22926354,control
ENSG00000225439.3,5.114959085,control
ENSG00000234171.3,5.898525391,control
ENSG00000236255.2,10.77380819,control
ENSG00000241258.7,22.97479862,control
ENSG00000254783.1,26.00893848,control
ENSG00000257702.3,10.24660433,control
ENSG00000265354.4,12.34376335,control
ENSG00000266402.3,29.23206384,control
ENSG00000266490.1,43.69302003,control
NA.1,NA,control
ENSG00000273259.3,1.278779922,control
ENSG00000273344.1,4.300415021,control
ENSG00000274925.1,11.14655679,control
ENSG00000276292.1,49.56060267,control
ENSG00000286714.1,16.13242766,control
ENSG00000274422.1,20.62036391,control
ENSG00000090487.11,20.48220123,control
ENSG00000273162.1,34.64641521,control
ENSG00000272994.1,6.419641288,control
ENSG00000272599.2,5.765483171,control
ENSG00000266962.2,19.07876099,control
ENSG00000266680.1,16.28896511,control
ENSG00000255121.2,31.4566974,control
ENSG00000253598.3,52.29537506,control
ENSG00000243960.1,1.606580107,control
ENSG00000242485.6,2.057802402,control
ENSG00000237190.4,7.420836502,control
ENSG00000230863.3,35.30847845,control
ENSG00000228716.7,6.131034135,control
ENSG00000227038.3,33.61441755,control
ENSG00000226696.6,31.04662023,control
ENSG00000225377.6,35.07168633,control
ENSG00000214135.8,12.67355459,control
ENSG00000213801.4,8.870804171,control
ENSG00000205213.14,6.741433373,control
ENSG00000204628.12,0.131626583,control
ENSG00000196678.14,3.699136002,control
ENSG00000196670.14,10.39747598,control
ENSG00000196504.19,1.209885505,control
ENSG00000188985.6,60.1945127,control
ENSG00000188725.8,6.182775921,control
ENSG00000188529.15,0.884354373,control
ENSG00000188295.15,49.97614683,control
ENSG00000186063.13,12.07969213,control
ENSG00000185485.14,14.66033005,control
ENSG00000183576.13,11.46984855,control
ENSG00000183155.5,13.39986034,control
ENSG00000181817.6,6.933572856,control
ENSG00000180817.12,5.049274543,control
ENSG00000180329.14,5.043833264,control
ENSG00000178935.5,16.75773057,control
ENSG00000177946.7,5.00300345,control
ENSG00000177868.12,11.7195535,control
ENSG00000177383.5,1.713947782,control
ENSG00000176410.8,10.10360153,control
ENSG00000176401.6,11.16152082,control
ENSG00000173852.15,11.91429248,control
ENSG00000173588.15,36.31808373,control
ENSG00000173145.11,12.10887093,control
ENSG00000171560.16,0.171722617,control
ENSG00000170949.17,28.8436989,control
ENSG00000170448.12,35.11509557,control
ENSG00000169679.15,6.064098295,control
ENSG00000169223.15,0.956801871,control
ENSG00000168288.13,3.393950847,control
ENSG00000168264.11,0.227229685,control
ENSG00000165525.18,1.037440863,control
ENSG00000165471.7,18.74923353,control
ENSG00000165118.15,12.15385841,control
ENSG00000164933.12,11.75564614,control
ENSG00000164597.15,4.322053154,control
ENSG00000164180.14,31.82166924,control
ENSG00000164169.13,34.57677524,control
ENSG00000163481.8,1.252117746,control
ENSG00000163257.11,5.062048695,control
ENSG00000162980.17,6.102470679,control
ENSG00000162714.12,10.28530151,control
ENSG00000162702.8,2.74791714,control
ENSG00000161654.10,9.83466209,control
ENSG00000159131.17,16.86568637,control
ENSG00000158769.18,0.757411421,control
ENSG00000158711.14,14.92479188,control
ENSG00000156304.15,8.598512051,control
ENSG00000155438.12,1.088020001,control
ENSG00000153048.11,3.052418697,control
ENSG00000152990.14,2.857891146,control
ENSG00000152253.9,21.97072865,control
ENSG00000151893.15,6.587922731,control
ENSG00000150433.9,16.66943776,control
ENSG00000149634.4,33.22646528,control
ENSG00000149308.17,5.679965206,control
ENSG00000148690.12,25.02426768,control
ENSG00000146733.14,51.82500023,control
ENSG00000145386.11,4.104086338,control
ENSG00000143952.20,18.33836613,control
ENSG00000143498.18,59.97638817,control
ENSG00000141027.21,4.666472671,control
ENSG00000140319.11,0.683950387,control
ENSG00000138303.18,20.53392126,control
ENSG00000138075.14,14.83251401,control
ENSG00000137504.14,1.559246225,control
ENSG00000137168.8,0.842810858,control
ENSG00000137154.13,0.034546365,control
ENSG00000136936.11,6.612605345,control
ENSG00000136273.13,21.08555937,control
ENSG00000136270.14,4.14686394,control
ENSG00000136231.14,11.21538856,control
ENSG00000135953.11,4.535666469,control
ENSG00000135185.12,6.648231669,control
ENSG00000134575.13,22.89011003,control
ENSG00000132485.14,1.748694643,control
ENSG00000132436.11,16.97993878,control
ENSG00000132275.11,7.538615179,control
ENSG00000131791.8,3.006166841,control
ENSG00000131100.13,7.916629962,control
ENSG00000131013.4,13.34916431,control
ENSG00000128000.17,22.35967462,control
ENSG00000125730.17,0.167684975,control
ENSG00000125037.12,8.136198628,control
ENSG00000124787.14,26.43741801,control
ENSG00000124172.10,0.658341116,control
ENSG00000123992.20,1.905644665,control
ENSG00000123600.20,8.396720543,control
ENSG00000123219.13,5.448835974,control
ENSG00000122952.17,2.480381443,control
ENSG00000120963.12,2.063585751,control
ENSG00000120334.15,43.07669459,control
ENSG00000116903.7,8.319346601,control
ENSG00000116791.14,3.579647895,control
ENSG00000116752.6,14.60676988,control
ENSG00000115840.14,12.42876179,control
ENSG00000115652.15,1.925277812,control
ENSG00000114209.15,2.795136105,control
ENSG00000113812.14,13.53657284,control
ENSG00000113048.17,0.565959524,control
ENSG00000111897.7,4.343502853,control
ENSG00000110172.12,4.705105128,control
ENSG00000109814.12,3.358763206,control
ENSG00000106804.8,3.942905879,control
ENSG00000105983.22,27.99926622,control
ENSG00000105854.13,6.753069823,control
ENSG00000104687.14,7.261468922,control
ENSG00000102158.20,19.94532302,control
ENSG00000101343.15,7.173994196,control
ENSG00000100983.12,2.584136922,control
ENSG00000100979.15,16.61852236,control
ENSG00000100934.15,0.306857399,control
ENSG00000100296.14,9.645489197,control
ENSG00000091947.10,2.125451225,control
ENSG00000089682.16,66.90646074,control
ENSG00000089050.16,2.719684107,control
ENSG00000089048.15,45.25596456,control
ENSG00000086232.13,0.565930131,control
ENSG00000082438.18,1.993366827,control
ENSG00000080839.12,22.7603504,control
ENSG00000080824.19,0.049501355,control
ENSG00000073792.16,4.46750459,control
ENSG00000049541.11,14.15860007,control
ENSG00000048544.6,5.528554663,control
ENSG00000036549.13,17.66463373,control
ENSG00000000419.13,3.614384827,control
ENSG00000002586.20,6.143937006,control
ENSG00000006042.12,0.726856549,control
ENSG00000054523.18,8.445410986,control
ENSG00000061656.11,13.28017993,control
ENSG00000065135.12,2.096360824,control
ENSG00000072210.19,0.223401901,control
ENSG00000081791.9,3.020325203,control
ENSG00000082641.16,0.231791989,control
ENSG00000085274.16,4.900914129,control
ENSG00000087302.9,0.659866892,control
ENSG00000092203.15,0.332501881,control
ENSG00000092931.11,8.423609276,control
ENSG00000093217.11,19.25337685,control
ENSG00000100867.15,0.021131431,control
ENSG00000100902.11,0.781999075,control
ENSG00000100941.9,0.127826959,control
ENSG00000101109.12,9.720296242,control
ENSG00000101367.9,2.909736099,control
ENSG00000102858.13,7.007130353,control
ENSG00000102931.8,3.582739688,control
ENSG00000103018.17,1.577624653,control
ENSG00000103222.20,6.299399537,control
ENSG00000106605.11,6.530135019,control
ENSG00000108010.12,1.081164379,control
ENSG00000113328.19,0.157145903,control
ENSG00000115234.11,0.865439495,control
ENSG00000118271.12,0.377063644,control
ENSG00000118363.12,5.859740886,control
ENSG00000118579.13,4.225388343,control
ENSG00000119231.11,5.362671119,control
ENSG00000119318.13,1.560207877,control
ENSG00000119906.13,5.257888683,control
ENSG00000123124.14,4.945748832,control
ENSG00000124104.19,34.30095546,control
ENSG00000124549.14,33.72507641,control
ENSG00000125753.14,0.554026841,control
ENSG00000126464.14,22.87772993,control
ENSG00000127366.5,26.35899722,control
ENSG00000127995.17,3.877499888,control
ENSG00000128590.5,0.298187044,control
ENSG00000130204.13,1.864484934,control
ENSG00000130429.15,4.816636871,control
ENSG00000130703.17,6.023206572,control
ENSG00000131037.15,10.00722625,control
ENSG00000132300.19,0.740853387,control
ENSG00000132600.17,10.11615267,control
ENSG00000133226.17,0.866064562,control
ENSG00000134108.14,1.33724458,control
ENSG00000135372.9,3.259498343,control
ENSG00000135632.12,0.636762493,control
ENSG00000136436.15,3.756454734,control
ENSG00000138459.9,28.1571001,control
ENSG00000139405.16,5.166713714,control
ENSG00000140941.14,3.022064274,control
ENSG00000141560.15,4.50789168,control
ENSG00000142484.7,21.24145254,control
ENSG00000142949.17,0.925822414,control
ENSG00000143079.15,16.462134,control
ENSG00000143499.14,2.25445569,control
ENSG00000144306.15,22.63370231,control
ENSG00000144357.18,1.998835178,control
ENSG00000144867.13,6.127573817,control
ENSG00000146859.6,66.95749783,control
ENSG00000147457.14,2.954350364,control
ENSG00000150527.17,0.727433843,control
ENSG00000152767.17,0.286005528,control
ENSG00000154781.16,17.23176254,control
ENSG00000155975.10,6.72130121,control
ENSG00000156639.12,0.277611734,control
ENSG00000159579.14,1.182942048,control
ENSG00000161204.11,1.093511357,control
ENSG00000163714.18,0.625000403,control
ENSG00000164062.13,0.228750043,control
ENSG00000164171.11,9.482330051,control
ENSG00000164405.11,0.558180083,control
ENSG00000165898.14,1.764095833,control
ENSG00000166135.14,1.371659299,control
ENSG00000166900.17,3.91579164,control
ENSG00000167770.12,3.350677428,control
ENSG00000168397.17,0.512940728,control
ENSG00000169972.12,22.62683437,control
ENSG00000171227.7,8.236779337,control
ENSG00000171793.16,7.52152823,control
ENSG00000172809.13,0.008067747,control
ENSG00000173992.9,25.78120692,control
ENSG00000174327.7,25.00980285,control
ENSG00000175311.7,2.373879789,control
ENSG00000181450.18,27.78209407,control
ENSG00000185728.17,3.715804097,control
ENSG00000187017.17,24.67526446,control
ENSG00000188021.9,0.927331369,control
ENSG00000196233.14,0.327250792,control
ENSG00000196421.8,9.540146583,control
ENSG00000196586.16,12.32443363,control
ENSG00000197111.16,0.292982387,control
ENSG00000198431.16,0.568604138,control
ENSG00000204619.8,2.887895165,control
ENSG00000204876.4,52.91558248,control
ENSG00000205464.13,25.59906141,control
ENSG00000213928.9,6.411521123,control
ENSG00000219891.2,33.88960892,control
ENSG00000224063.6,47.69718116,control
ENSG00000230795.3,33.09733692,control
ENSG00000236017.8,67.03249909,control
ENSG00000236871.7,55.59854369,control
ENSG00000272447.1,33.90251532,control
ENSG00000274002.1,30.40322715,control
ENSG00000276698.1,23.18919698,control
ENSG00000278948.1,19.50813499,control
ENSG00000286156.1,11.173572,control
ENSG00000283828.1,40.77081201,control
ENSG00000280587.1,67.22416316,control
ENSG00000279756.1,58.98927286,control
ENSG00000278464.2,18.07463397,control
ENSG00000275223.1,55.48535199,control
ENSG00000263432.2,69.68207145,control
ENSG00000260233.3,54.25192126,control
ENSG00000242282.6,5.996440003,control
ENSG00000183527.12,0.552925822,control
ENSG00000231466.2,46.96459801,control
ENSG00000230882.1,43.25731043,control
ENSG00000230325.1,32.86113121,control
ENSG00000214425.8,54.66586955,control
ENSG00000214087.9,5.356848788,control
ENSG00000214078.13,0.04407341,control
ENSG00000205865.4,79.51922374,control
ENSG00000198380.13,8.095373907,control
ENSG00000198369.10,10.02153815,control
ENSG00000198168.9,9.283953113,control
ENSG00000197635.11,7.107202259,control
ENSG00000197043.14,5.483901034,control
ENSG00000196588.20,3.606745218,control
ENSG00000188825.14,2.123398434,control
ENSG00000187109.15,0.694030983,control
ENSG00000184277.13,4.34372049,control
ENSG00000183386.10,8.11017561,control
ENSG00000182400.15,6.93052512,control
ENSG00000180089.6,17.46816759,control
ENSG00000176142.13,0.259200221,control
ENSG00000175309.15,15.32944048,control
ENSG00000173726.11,1.237812459,control
ENSG00000172943.20,20.5463324,control
ENSG00000172667.11,34.73132383,control
ENSG00000171497.5,0.106417778,control
ENSG00000169856.9,76.46124292,control
ENSG00000168291.13,3.759224339,control
ENSG00000167393.18,3.103305624,control
ENSG00000167220.12,7.92646425,control
ENSG00000164885.13,1.153264457,control
ENSG00000164880.16,2.025637937,control
ENSG00000162959.14,9.970851882,control
ENSG00000162676.12,6.445466431,control
ENSG00000162191.14,0.096030689,control
ENSG00000158042.9,0.366730276,control
ENSG00000156171.15,1.796048899,control
ENSG00000154889.17,5.780010662,control
ENSG00000148965.10,2.336446089,control
ENSG00000148943.12,5.38243251,control
ENSG00000146282.18,0.698167456,control
ENSG00000145287.11,42.60531618,control
ENSG00000143970.17,4.823201135,control
ENSG00000143507.18,0.075292654,control
ENSG00000142867.14,0.779123009,control
ENSG00000141543.12,0.39786917,control
ENSG00000138442.10,0.537332489,control
ENSG00000137478.15,3.26465917,control
ENSG00000136861.18,0.455368267,control
ENSG00000136146.15,6.25706586,control
ENSG00000135446.17,0.242411603,control
ENSG00000132824.14,1.870788181,control
ENSG00000129187.15,3.099268474,control
ENSG00000128886.12,8.067449627,control
ENSG00000128159.12,5.032779321,control
ENSG00000123636.18,17.21052006,control
ENSG00000122566.22,0.052846447,control
ENSG00000122359.18,0.370560102,control
ENSG00000121931.16,5.590652201,control
ENSG00000119396.11,1.311543844,control
ENSG00000116649.10,2.578534404,control
ENSG00000115966.17,4.60082505,control
ENSG00000115942.9,0.795618137,control
ENSG00000115486.12,0.670706948,control
ENSG00000112249.14,1.322319008,control
ENSG00000112031.16,7.756534043,control
ENSG00000111339.12,5.330819567,control
ENSG00000111328.7,2.892608791,control
ENSG00000111300.10,6.642289887,control
ENSG00000108883.13,0.391355956,control
ENSG00000108861.9,1.46485568,control
ENSG00000108528.14,0.870560926,control
ENSG00000107929.15,3.699862527,control
ENSG00000107672.15,1.140392439,control
ENSG00000104231.11,2.20156311,control
ENSG00000103365.15,0.260350411,control
ENSG00000103335.22,0.798102967,control
ENSG00000102786.15,4.803279787,control
ENSG00000102572.15,3.064417497,control
ENSG00000101220.18,26.02384626,control
ENSG00000100418.8,1.884465358,control
ENSG00000092094.11,0.539937697,control
ENSG00000090534.20,3.660266388,control
ENSG00000089486.17,0.290688841,control
ENSG00000083520.15,0.766980639,control
ENSG00000078902.16,6.168296572,control
ENSG00000075826.17,11.15911156,control
ENSG00000072364.13,0.865746535,control
ENSG00000072110.15,0.738922882,control
ENSG00000070610.14,2.021425972,control
ENSG00000069329.18,0.049753977,control
ENSG00000068878.15,5.322583921,control
ENSG00000048405.10,21.36739072,control
ENSG00000012817.16,3.142153462,control
ENSG00000007384.15,1.077322846,control
ENSG00000004142.12,2.597997477,control
ENSG00000002016.18,12.64723154,control
ENSG00000003509.16,4.480019002,control
ENSG00000010244.19,0.466530211,control
ENSG00000011021.23,0.564639026,control
ENSG00000033011.13,5.462521835,control
ENSG00000058600.16,0.358819537,control
ENSG00000075240.17,16.50653585,control
ENSG00000091140.14,0.220035078,control
ENSG00000100216.6,0.544818881,control
ENSG00000101158.15,0.4304272,control
ENSG00000101193.8,0.201397298,control
ENSG00000103353.16,1.271208435,control
ENSG00000104671.8,29.77948469,control
ENSG00000108788.12,2.469755479,control
ENSG00000112062.11,3.03710129,control
ENSG00000112306.8,0.037599144,control
ENSG00000115806.13,0.697842178,control
ENSG00000118640.11,0.115327123,control
ENSG00000120738.8,0.007551822,control
ENSG00000122126.17,1.172609224,control
ENSG00000131482.10,0.110380981,control
ENSG00000133111.4,4.407094302,control
ENSG00000134590.14,1.841902621,control
ENSG00000135974.10,4.892849861,control
ENSG00000137880.6,3.620090838,control
ENSG00000141556.21,7.160675743,control
ENSG00000142676.14,0.057992798,control
ENSG00000145425.10,0.049444457,control
ENSG00000145734.19,4.960232188,control
ENSG00000154124.5,32.08050568,control
ENSG00000158806.14,13.91594127,control
ENSG00000161036.13,5.033265983,control
ENSG00000163597.15,0.778201118,control
ENSG00000165678.21,3.308326785,control
ENSG00000170312.16,3.721515291,control
ENSG00000173163.10,26.94915734,control
ENSG00000175224.16,0.171731125,control
ENSG00000175470.20,8.944700985,control
ENSG00000179091.5,0.011405674,control
ENSG00000184634.16,4.7039391,control
ENSG00000185896.11,0.73950768,control
ENSG00000186301.8,3.717532188,control
ENSG00000198522.14,4.952250636,control
ENSG00000257027.1,16.39882531,control
ENSG00000261101.2,39.96676156,control
ENSG00000261236.8,0.633463221,control
ENSG00000244067.3,41.78876365,control
ENSG00000240356.6,4.895319261,control
ENSG00000213513.3,44.34079237,control
ENSG00000199664.1,64.31969553,control
ENSG00000198642.7,3.493464476,control
ENSG00000198586.14,3.224289291,control
ENSG00000188706.13,4.100146749,control
ENSG00000182158.15,3.285957641,control
ENSG00000176909.12,13.7856102,control
ENSG00000176871.9,4.917592969,control
ENSG00000175416.16,9.154055079,control
ENSG00000175221.15,19.90629606,control
ENSG00000170619.10,4.942248944,control
ENSG00000170581.14,2.895967266,control
ENSG00000167699.13,1.664939731,control
ENSG00000166526.18,3.25703565,control
ENSG00000164751.15,2.003780919,control
ENSG00000163660.12,0.397242073,control
ENSG00000163162.9,5.565823544,control
ENSG00000160392.13,10.56681064,control
ENSG00000154723.13,0.585150415,control
ENSG00000151247.13,3.807754151,control
ENSG00000151208.17,2.92467116,control
ENSG00000144645.15,5.535901212,control
ENSG00000137845.15,26.61048369,control
ENSG00000137038.8,0.460040282,control
ENSG00000136522.14,7.020501477,control
ENSG00000132912.13,2.074398093,control
ENSG00000129946.10,22.09343186,control
ENSG00000128513.16,12.58122592,control
ENSG00000127463.15,3.21861918,control
ENSG00000123739.11,2.961713228,control
ENSG00000115694.15,0.322128437,control
ENSG00000115355.17,1.389727562,control
ENSG00000103248.19,5.977911385,control
ENSG00000103042.9,3.485388157,control
ENSG00000100030.15,2.108423878,control
ENSG00000099817.12,17.16903233,control
ENSG00000091136.15,0.567914804,control
ENSG00000087502.18,2.377183187,control
ENSG00000085721.13,1.94046872,control
ENSG00000082516.9,1.722923984,control
ENSG00000029363.17,0.101165525,control
ENSG00000053372.5,7.948367315,kdU2AF1
ENSG00000056736.10,17.03214052,kdU2AF1
ENSG00000072756.17,65.20833261,kdU2AF1
ENSG00000078674.18,18.98844003,kdU2AF1
ENSG00000078898.7,23.20718802,kdU2AF1
ENSG00000079246.16,5.948056285,kdU2AF1
ENSG00000089280.19,1.520104324,kdU2AF1
ENSG00000090661.12,18.10282934,kdU2AF1
ENSG00000100416.15,11.10562758,kdU2AF1
ENSG00000100726.15,16.30039995,kdU2AF1
ENSG00000101442.10,31.36463299,kdU2AF1
ENSG00000101447.15,5.834586781,kdU2AF1
ENSG00000101811.14,44.28474496,kdU2AF1
ENSG00000102144.15,3.31422701,kdU2AF1
ENSG00000102384.13,82.86986949,kdU2AF1
ENSG00000104805.16,4.625571193,kdU2AF1
ENSG00000105373.19,5.125865657,kdU2AF1
ENSG00000107175.12,28.57135898,kdU2AF1
ENSG00000108064.11,13.50171336,kdU2AF1
ENSG00000109084.14,3.50033028,kdU2AF1
ENSG00000109181.12,12.42535459,kdU2AF1
ENSG00000111666.11,25.0001149,kdU2AF1
ENSG00000112414.15,14.83023808,kdU2AF1
ENSG00000112679.14,40.27594699,kdU2AF1
ENSG00000112759.19,10.67686658,kdU2AF1
ENSG00000112996.11,29.71250254,kdU2AF1
ENSG00000115368.10,12.89371875,kdU2AF1
ENSG00000119401.11,48.93516069,kdU2AF1
ENSG00000119408.17,81.76349428,kdU2AF1
ENSG00000120942.14,20.08558053,kdU2AF1
ENSG00000122515.15,10.13519917,kdU2AF1
ENSG00000123353.10,25.90023085,kdU2AF1
ENSG00000125445.11,5.181330758,kdU2AF1
ENSG00000130545.16,77.66185522,kdU2AF1
ENSG00000130713.16,22.71905123,kdU2AF1
ENSG00000131002.12,17.6921222,kdU2AF1
ENSG00000132603.15,2.879480387,kdU2AF1
ENSG00000132677.13,12.90232265,kdU2AF1
ENSG00000135912.11,13.9259141,kdU2AF1
ENSG00000135929.9,8.559255925,kdU2AF1
ENSG00000135930.14,6.949919397,kdU2AF1
ENSG00000136807.14,22.81453878,kdU2AF1
ENSG00000136870.10,11.30326407,kdU2AF1
ENSG00000136937.13,20.6320816,kdU2AF1
ENSG00000137054.16,72.22128538,kdU2AF1
ENSG00000137496.18,46.0317597,kdU2AF1
ENSG00000138092.11,18.43216,kdU2AF1
ENSG00000140534.14,5.913307995,kdU2AF1
ENSG00000140854.13,11.62903378,kdU2AF1
ENSG00000141198.16,17.26783247,kdU2AF1
ENSG00000141401.12,2.946522496,kdU2AF1
ENSG00000141959.17,25.46334006,kdU2AF1
ENSG00000143252.16,84.87161361,kdU2AF1
ENSG00000143653.10,29.47952413,kdU2AF1
ENSG00000144120.13,10.61615929,kdU2AF1
ENSG00000145192.13,1.527799425,kdU2AF1
ENSG00000146205.14,40.33575701,kdU2AF1
ENSG00000149084.13,13.85994572,kdU2AF1
ENSG00000149503.13,17.13077758,kdU2AF1
ENSG00000151532.14,47.15720468,kdU2AF1
ENSG00000151655.19,0.309340354,kdU2AF1
ENSG00000151715.8,26.48614252,kdU2AF1
ENSG00000151806.14,11.83018597,kdU2AF1
ENSG00000154639.19,50.60713418,kdU2AF1
ENSG00000158417.11,11.41172002,kdU2AF1
ENSG00000159202.18,16.11608123,kdU2AF1
ENSG00000160305.18,38.93474022,kdU2AF1
ENSG00000160867.15,2.229527489,kdU2AF1
ENSG00000161021.13,10.54489006,kdU2AF1
ENSG00000163513.19,5.860924297,kdU2AF1
ENSG00000164616.16,24.29735492,kdU2AF1
ENSG00000165443.12,36.24684637,kdU2AF1
ENSG00000167186.11,13.28165999,kdU2AF1
ENSG00000167526.14,0.149807561,kdU2AF1
ENSG00000167625.11,42.19813461,kdU2AF1
ENSG00000168495.13,18.24598939,kdU2AF1
ENSG00000168763.16,12.53807307,kdU2AF1
ENSG00000169174.11,19.04822293,kdU2AF1
ENSG00000170315.14,0.460033176,kdU2AF1
ENSG00000170439.7,14.68602096,kdU2AF1
ENSG00000173207.13,9.570199497,kdU2AF1
ENSG00000176720.6,26.76509306,kdU2AF1
ENSG00000177337.8,21.7276774,kdU2AF1
ENSG00000177602.5,26.46725611,kdU2AF1
ENSG00000178623.12,16.4619753,kdU2AF1
ENSG00000178921.14,11.7618215,kdU2AF1
ENSG00000179832.17,48.93748893,kdU2AF1
ENSG00000183048.12,20.51968443,kdU2AF1
ENSG00000183888.4,14.84645706,kdU2AF1
ENSG00000184988.8,34.94862455,kdU2AF1
ENSG00000185090.15,27.37509006,kdU2AF1
ENSG00000185404.17,49.05422481,kdU2AF1
ENSG00000186230.7,54.71924213,kdU2AF1
ENSG00000188211.9,77.78578258,kdU2AF1
ENSG00000196743.9,39.15806474,kdU2AF1
ENSG00000197713.15,46.82934022,kdU2AF1
ENSG00000198231.13,0.382071792,kdU2AF1
ENSG00000198466.12,23.3319748,kdU2AF1
ENSG00000198498.10,38.15862915,kdU2AF1
ENSG00000198612.11,11.11336007,kdU2AF1
ENSG00000204128.6,22.00617949,kdU2AF1
ENSG00000204335.4,3.329595142,kdU2AF1
ENSG00000224093.5,54.29193966,kdU2AF1
ENSG00000228709.1,12.05995488,kdU2AF1
ENSG00000231587.1,29.87706966,kdU2AF1
ENSG00000235169.11,57.17992524,kdU2AF1
ENSG00000243679.1,28.28463771,kdU2AF1
ENSG00000244300.3,33.32881064,kdU2AF1
ENSG00000250474.2,38.45805785,kdU2AF1
ENSG00000256162.2,27.39057481,kdU2AF1
ENSG00000258867.6,21.18864508,kdU2AF1
ENSG00000260219.2,62.66769089,kdU2AF1
ENSG00000260276.2,10.30762849,kdU2AF1
ENSG00000260404.3,58.37708224,kdU2AF1
ENSG00000260573.4,60.1636931,kdU2AF1
ENSG00000262943.7,21.97632385,kdU2AF1
ENSG00000272606.1,35.63293312,kdU2AF1
ENSG00000279069.1,36.33631192,kdU2AF1
ENSG00000286024.1,18.79249877,kdU2AF1
ENSG00000286403.1,39.78718676,kdU2AF1
ENSG00000287733.1,80.65887971,kdU2AF1
ENSG00000288473.1,20.7116976,kdU2AF1
ENSG00000284820.1,3.894422224,kdU2AF1
ENSG00000282826.2,29.41814169,kdU2AF1
ENSG00000272145.1,30.93661297,kdU2AF1
ENSG00000269699.6,0.968548181,kdU2AF1
ENSG00000267056.2,35.18090606,kdU2AF1
ENSG00000260852.1,40.49262923,kdU2AF1
ENSG00000260604.2,39.19985578,kdU2AF1
ENSG00000259803.7,0.06614362,kdU2AF1
ENSG00000255277.3,51.35004127,kdU2AF1
ENSG00000254290.1,31.72276105,kdU2AF1
ENSG00000251595.7,26.94159959,kdU2AF1
NA,NA,kdU2AF1
ENSG00000237522.1,45.70370987,kdU2AF1
ENSG00000235381.1,40.47677138,kdU2AF1
ENSG00000233830.2,21.88893044,kdU2AF1
ENSG00000230952.1,77.69917108,kdU2AF1
ENSG00000228474.6,2.535930576,kdU2AF1
ENSG00000223508.5,44.40761286,kdU2AF1
ENSG00000223501.9,25.98336106,kdU2AF1
ENSG00000214796.8,36.96028484,kdU2AF1
ENSG00000214429.3,35.80223905,kdU2AF1
ENSG00000213886.4,18.00955782,kdU2AF1
ENSG00000213380.16,7.182662046,kdU2AF1
ENSG00000204713.11,11.73616875,kdU2AF1
ENSG00000204386.12,6.00757475,kdU2AF1
ENSG00000198833.7,8.735305801,kdU2AF1
ENSG00000198736.12,21.3334806,kdU2AF1
ENSG00000198171.13,18.42564627,kdU2AF1
ENSG00000196584.3,48.4633083,kdU2AF1
ENSG00000196497.17,2.569679451,kdU2AF1
ENSG00000188313.13,37.4853679,kdU2AF1
ENSG00000188002.10,34.30150314,kdU2AF1
ENSG00000187741.15,25.04218639,kdU2AF1
ENSG00000186910.4,6.601137713,kdU2AF1
ENSG00000186806.5,25.34191033,kdU2AF1
ENSG00000183808.11,9.830614534,kdU2AF1
ENSG00000183513.9,14.20543163,kdU2AF1
ENSG00000181924.7,5.250745714,kdU2AF1
ENSG00000181031.16,26.28049135,kdU2AF1
ENSG00000179604.10,3.463639243,kdU2AF1
ENSG00000179409.11,6.719240101,kdU2AF1
ENSG00000178917.17,64.8151868,kdU2AF1
ENSG00000178381.12,14.48755032,kdU2AF1
ENSG00000177830.18,15.40099573,kdU2AF1
ENSG00000173039.19,1.3925545,kdU2AF1
ENSG00000170322.14,10.95025929,kdU2AF1
ENSG00000169100.14,5.150810329,kdU2AF1
ENSG00000167747.15,0.953154667,kdU2AF1
ENSG00000165802.23,8.338702854,kdU2AF1
ENSG00000165282.14,27.29415777,kdU2AF1
ENSG00000164946.20,40.51131958,kdU2AF1
ENSG00000164050.13,2.528567488,kdU2AF1
ENSG00000163507.14,63.90807664,kdU2AF1
ENSG00000163251.4,2.29411668,kdU2AF1
ENSG00000162882.15,52.3301727,kdU2AF1
ENSG00000161944.16,2.452582238,kdU2AF1
ENSG00000160294.11,18.59163794,kdU2AF1
ENSG00000160193.12,84.02550591,kdU2AF1
ENSG00000158874.11,0.035146618,kdU2AF1
ENSG00000158604.15,26.48829469,kdU2AF1
ENSG00000157399.16,18.34739258,kdU2AF1
ENSG00000152291.14,8.776813288,kdU2AF1
ENSG00000150779.12,12.31513974,kdU2AF1
ENSG00000149485.19,5.708447841,kdU2AF1
ENSG00000147813.16,26.27120636,kdU2AF1
ENSG00000147164.12,18.01934434,kdU2AF1
ENSG00000146574.16,84.3166355,kdU2AF1
ENSG00000146535.14,25.0507721,kdU2AF1
ENSG00000146038.12,25.90112559,kdU2AF1
ENSG00000145919.11,5.310447033,kdU2AF1
ENSG00000144045.14,18.30536997,kdU2AF1
ENSG00000143409.15,58.06821532,kdU2AF1
ENSG00000140326.13,20.82423635,kdU2AF1
ENSG00000139194.8,6.444963121,kdU2AF1
ENSG00000137713.16,48.41096632,kdU2AF1
ENSG00000136827.12,10.30830635,kdU2AF1
ENSG00000135698.10,10.35293391,kdU2AF1
ENSG00000134569.10,21.20026171,kdU2AF1
ENSG00000133818.14,27.48450094,kdU2AF1
ENSG00000133193.12,13.16881738,kdU2AF1
ENSG00000132199.20,20.12254334,kdU2AF1
ENSG00000131153.9,16.50813546,kdU2AF1
ENSG00000131148.9,4.086719016,kdU2AF1
ENSG00000129354.12,14.34828692,kdU2AF1
ENSG00000128699.14,11.82467769,kdU2AF1
ENSG00000127423.11,16.28917083,kdU2AF1
ENSG00000126953.8,48.84466054,kdU2AF1
ENSG00000124571.18,22.67734199,kdU2AF1
ENSG00000123453.18,85.21797837,kdU2AF1
ENSG00000122965.11,6.759841236,kdU2AF1
ENSG00000121579.13,13.46332598,kdU2AF1
ENSG00000121390.19,55.30335079,kdU2AF1
ENSG00000120725.13,46.05523878,kdU2AF1
ENSG00000119559.17,31.15928018,kdU2AF1
ENSG00000116771.6,26.81575101,kdU2AF1
ENSG00000116580.19,12.19853647,kdU2AF1
ENSG00000115561.16,27.14958137,kdU2AF1
ENSG00000115514.12,41.04086821,kdU2AF1
ENSG00000114993.17,9.069920115,kdU2AF1
ENSG00000114850.7,7.973719879,kdU2AF1
ENSG00000114686.9,17.34699785,kdU2AF1
ENSG00000112308.13,5.781863267,kdU2AF1
ENSG00000111196.10,7.423310831,kdU2AF1
ENSG00000105379.10,1.928060131,kdU2AF1
ENSG00000104760.17,28.98570915,kdU2AF1
ENSG00000104228.13,36.53584545,kdU2AF1
ENSG00000103550.14,18.51946676,kdU2AF1
ENSG00000100593.18,13.05989183,kdU2AF1
ENSG00000100445.17,0.98995388,kdU2AF1
ENSG00000100350.15,7.852128261,kdU2AF1
ENSG00000099977.14,50.56944093,kdU2AF1
ENSG00000092330.18,5.203869163,kdU2AF1
ENSG00000092199.18,1.892946466,kdU2AF1
ENSG00000090863.12,9.913215961,kdU2AF1
ENSG00000089094.19,6.039464052,kdU2AF1
ENSG00000085840.13,20.49851669,kdU2AF1
ENSG00000083807.10,10.52570677,kdU2AF1
ENSG00000073614.13,41.66508826,kdU2AF1
ENSG00000070423.18,1.568124928,kdU2AF1
ENSG00000065427.15,1.661633295,kdU2AF1
ENSG00000053371.13,27.72972404,kdU2AF1
ENSG00000044446.12,15.00858032,kdU2AF1
ENSG00000041802.11,2.503891185,kdU2AF1
ENSG00000004455.17,1.990916872,kdU2AF1
ENSG00000011478.13,13.6370036,kdU2AF1
ENSG00000046651.15,37.85774291,kdU2AF1
ENSG00000062716.13,1.502870402,kdU2AF1
ENSG00000065548.18,1.519215582,kdU2AF1
ENSG00000071054.16,1.794830185,kdU2AF1
ENSG00000075420.13,38.58304096,kdU2AF1
ENSG00000077380.16,33.79470544,kdU2AF1
ENSG00000078269.15,17.82267791,kdU2AF1
ENSG00000079459.13,1.461878532,kdU2AF1
ENSG00000084734.9,17.78431881,kdU2AF1
ENSG00000085999.13,4.09842057,kdU2AF1
ENSG00000095380.11,4.477474704,kdU2AF1
ENSG00000100889.12,0.659225059,kdU2AF1
ENSG00000100938.18,0.904376511,kdU2AF1
ENSG00000101337.16,2.390250887,kdU2AF1
ENSG00000102390.11,17.79293817,kdU2AF1
ENSG00000104131.13,5.463087208,kdU2AF1
ENSG00000107185.10,8.333147158,kdU2AF1
ENSG00000109805.10,12.61197145,kdU2AF1
ENSG00000110917.8,0.641141772,kdU2AF1
ENSG00000111058.8,15.17795493,kdU2AF1
ENSG00000111321.11,0.297623235,kdU2AF1
ENSG00000111445.14,7.607533683,kdU2AF1
ENSG00000112578.10,26.42336851,kdU2AF1
ENSG00000115282.21,22.51005812,kdU2AF1
ENSG00000115839.18,9.473325423,kdU2AF1
ENSG00000115946.8,19.39435759,kdU2AF1
ENSG00000117593.12,25.51236903,kdU2AF1
ENSG00000117724.13,5.194426915,kdU2AF1
ENSG00000118518.16,7.310483732,kdU2AF1
ENSG00000119048.8,4.33679957,kdU2AF1
ENSG00000119471.15,42.50477823,kdU2AF1
ENSG00000119782.14,16.53652602,kdU2AF1
ENSG00000120437.9,7.692970207,kdU2AF1
ENSG00000122435.10,14.52422548,kdU2AF1
ENSG00000122873.12,30.8803164,kdU2AF1
ENSG00000124588.22,47.30157733,kdU2AF1
ENSG00000125629.15,10.73597419,kdU2AF1
ENSG00000126261.13,6.817429876,kdU2AF1
ENSG00000127774.7,0.814409164,kdU2AF1
ENSG00000128708.13,18.73549974,kdU2AF1
ENSG00000128944.13,34.15177279,kdU2AF1
ENSG00000129128.13,10.89995212,kdU2AF1
ENSG00000130803.15,3.050592478,kdU2AF1
ENSG00000130988.13,13.43676314,kdU2AF1
ENSG00000132670.20,24.31916769,kdU2AF1
ENSG00000134330.19,13.65684598,kdU2AF1
ENSG00000135249.8,30.39514257,kdU2AF1
ENSG00000136463.8,16.31337376,kdU2AF1
ENSG00000136718.10,0.662994623,kdU2AF1
ENSG00000136731.13,5.62799206,kdU2AF1
ENSG00000136738.15,18.44387488,kdU2AF1
ENSG00000136816.16,6.549159112,kdU2AF1
ENSG00000136824.19,44.72799122,kdU2AF1
ENSG00000136868.11,23.41998242,kdU2AF1
ENSG00000136874.11,12.30220358,kdU2AF1
ENSG00000137106.18,1.419499118,kdU2AF1
ENSG00000138363.15,3.00463717,kdU2AF1
ENSG00000138381.10,2.686510714,kdU2AF1
ENSG00000139133.7,35.52009137,kdU2AF1
ENSG00000139726.11,3.320457355,kdU2AF1
ENSG00000141428.17,19.17729167,kdU2AF1
ENSG00000142166.13,28.30063102,kdU2AF1
ENSG00000143337.19,21.34770333,kdU2AF1
ENSG00000143727.16,1.709148106,kdU2AF1
ENSG00000143924.19,7.974544031,kdU2AF1
ENSG00000144852.20,12.96860744,kdU2AF1
ENSG00000145916.19,30.04564736,kdU2AF1
ENSG00000148843.15,18.88259481,kdU2AF1
ENSG00000149657.20,14.82086166,kdU2AF1
ENSG00000149925.22,0.111657065,kdU2AF1
ENSG00000151014.6,32.40596182,kdU2AF1
ENSG00000152256.14,62.99773864,kdU2AF1
ENSG00000152455.16,59.32536054,kdU2AF1
ENSG00000153044.10,23.3933931,kdU2AF1
ENSG00000153551.14,10.4518553,kdU2AF1
ENSG00000155115.7,7.823231165,kdU2AF1
ENSG00000155463.14,1.440050104,kdU2AF1
ENSG00000155827.12,19.51475293,kdU2AF1
ENSG00000156110.15,35.05130228,kdU2AF1
ENSG00000158882.15,8.938638847,kdU2AF1
ENSG00000162607.13,3.991530702,kdU2AF1
ENSG00000163938.17,0.896372741,kdU2AF1
ENSG00000164056.11,3.350860839,kdU2AF1
ENSG00000164406.8,22.86255107,kdU2AF1
ENSG00000164975.15,68.04980538,kdU2AF1
ENSG00000165304.8,41.88201573,kdU2AF1
ENSG00000166037.11,10.77839179,kdU2AF1
ENSG00000167258.15,1.370887141,kdU2AF1
ENSG00000168116.14,20.09505367,kdU2AF1
ENSG00000168872.17,9.134458095,kdU2AF1
ENSG00000168876.9,4.664514181,kdU2AF1
ENSG00000169251.13,32.24321103,kdU2AF1
ENSG00000169299.14,45.44763698,kdU2AF1
ENSG00000170364.12,23.07601079,kdU2AF1
ENSG00000170632.14,30.65564293,kdU2AF1
ENSG00000171109.19,12.70525977,kdU2AF1
ENSG00000171234.14,17.83721315,kdU2AF1
ENSG00000173744.18,19.95070092,kdU2AF1
ENSG00000173890.17,8.544031521,kdU2AF1
ENSG00000175115.13,20.69214462,kdU2AF1
ENSG00000176890.16,3.392146197,kdU2AF1
ENSG00000178057.15,28.19202161,kdU2AF1
ENSG00000180210.15,15.85177148,kdU2AF1
ENSG00000180346.4,17.9837852,kdU2AF1
ENSG00000184661.14,42.96276482,kdU2AF1
ENSG00000186204.15,42.73689948,kdU2AF1
ENSG00000188811.14,11.57368184,kdU2AF1
ENSG00000196422.11,6.399940456,kdU2AF1
ENSG00000196646.12,17.13209124,kdU2AF1
ENSG00000197157.11,1.470489018,kdU2AF1
ENSG00000198429.10,14.09607903,kdU2AF1
ENSG00000198839.10,36.57076217,kdU2AF1
ENSG00000198863.7,48.44847342,kdU2AF1
ENSG00000204685.7,21.89457226,kdU2AF1
ENSG00000205138.4,7.838478007,kdU2AF1
ENSG00000206557.6,9.910261704,kdU2AF1
ENSG00000225439.3,12.16839322,kdU2AF1
ENSG00000234171.3,7.022545579,kdU2AF1
ENSG00000236255.2,16.84354477,kdU2AF1
ENSG00000241258.7,22.69180313,kdU2AF1
ENSG00000254783.1,50.86774694,kdU2AF1
ENSG00000257702.3,6.723670864,kdU2AF1
ENSG00000265354.4,23.22393959,kdU2AF1
ENSG00000266402.3,3.285567494,kdU2AF1
ENSG00000266490.1,45.08961851,kdU2AF1
NA.1,NA,kdU2AF1
ENSG00000273259.3,0.923831704,kdU2AF1
ENSG00000273344.1,5.879857924,kdU2AF1
ENSG00000274925.1,12.97651804,kdU2AF1
ENSG00000276292.1,23.44681035,kdU2AF1
ENSG00000286714.1,22.57317598,kdU2AF1
ENSG00000274422.1,29.63755242,kdU2AF1
ENSG00000090487.11,29.98208318,kdU2AF1
ENSG00000273162.1,36.28785029,kdU2AF1
ENSG00000272994.1,11.53200846,kdU2AF1
ENSG00000272599.2,11.22950474,kdU2AF1
ENSG00000266962.2,21.54825908,kdU2AF1
ENSG00000266680.1,15.10148323,kdU2AF1
ENSG00000255121.2,42.09189892,kdU2AF1
ENSG00000253598.3,59.64151775,kdU2AF1
ENSG00000243960.1,26.41742114,kdU2AF1
ENSG00000242485.6,7.812869831,kdU2AF1
ENSG00000237190.4,6.448809997,kdU2AF1
ENSG00000230863.3,21.25792423,kdU2AF1
ENSG00000228716.7,6.105592935,kdU2AF1
ENSG00000227038.3,29.70260162,kdU2AF1
ENSG00000226696.6,29.85476809,kdU2AF1
ENSG00000225377.6,45.79954758,kdU2AF1
ENSG00000214135.8,5.105281897,kdU2AF1
ENSG00000213801.4,17.7960623,kdU2AF1
ENSG00000205213.14,7.940690994,kdU2AF1
ENSG00000204628.12,0.03920246,kdU2AF1
ENSG00000196678.14,1.980209526,kdU2AF1
ENSG00000196670.14,11.37405663,kdU2AF1
ENSG00000196504.19,1.211088097,kdU2AF1
ENSG00000188985.6,87.01383122,kdU2AF1
ENSG00000188725.8,5.975934221,kdU2AF1
ENSG00000188529.15,2.749989197,kdU2AF1
ENSG00000188295.15,50.19639709,kdU2AF1
ENSG00000186063.13,16.89972451,kdU2AF1
ENSG00000185485.14,21.03574514,kdU2AF1
ENSG00000183576.13,12.23917882,kdU2AF1
ENSG00000183155.5,36.77152508,kdU2AF1
ENSG00000181817.6,7.048307579,kdU2AF1
ENSG00000180817.12,7.088180821,kdU2AF1
ENSG00000180329.14,5.398183621,kdU2AF1
ENSG00000178935.5,38.67257806,kdU2AF1
ENSG00000177946.7,3.331862298,kdU2AF1
ENSG00000177868.12,12.82941469,kdU2AF1
ENSG00000177383.5,0.798017158,kdU2AF1
ENSG00000176410.8,7.928992177,kdU2AF1
ENSG00000176401.6,19.25628675,kdU2AF1
ENSG00000173852.15,10.73489347,kdU2AF1
ENSG00000173588.15,43.43165665,kdU2AF1
ENSG00000173145.11,20.84320717,kdU2AF1
ENSG00000171560.16,0.272079194,kdU2AF1
ENSG00000170949.17,23.11630603,kdU2AF1
ENSG00000170448.12,30.50598595,kdU2AF1
ENSG00000169679.15,11.77532939,kdU2AF1
ENSG00000169223.15,0.719374923,kdU2AF1
ENSG00000168288.13,11.22367705,kdU2AF1
ENSG00000168264.11,0.240584761,kdU2AF1
ENSG00000165525.18,2.242484547,kdU2AF1
ENSG00000165471.7,23.13851859,kdU2AF1
ENSG00000165118.15,6.813288371,kdU2AF1
ENSG00000164933.12,29.72754345,kdU2AF1
ENSG00000164597.15,3.676770962,kdU2AF1
ENSG00000164180.14,43.78052904,kdU2AF1
ENSG00000164169.13,53.7356713,kdU2AF1
ENSG00000163481.8,0.612302931,kdU2AF1
ENSG00000163257.11,15.04785895,kdU2AF1
ENSG00000162980.17,23.2198039,kdU2AF1
ENSG00000162714.12,8.837684569,kdU2AF1
ENSG00000162702.8,1.987275605,kdU2AF1
ENSG00000161654.10,10.21641546,kdU2AF1
ENSG00000159131.17,18.51863765,kdU2AF1
ENSG00000158769.18,1.669897947,kdU2AF1
ENSG00000158711.14,10.22605939,kdU2AF1
ENSG00000156304.15,19.12262173,kdU2AF1
ENSG00000155438.12,2.965985836,kdU2AF1
ENSG00000153048.11,6.644816222,kdU2AF1
ENSG00000152990.14,4.372101851,kdU2AF1
ENSG00000152253.9,32.4216375,kdU2AF1
ENSG00000151893.15,17.58958078,kdU2AF1
ENSG00000150433.9,30.70179866,kdU2AF1
ENSG00000149634.4,27.46096503,kdU2AF1
ENSG00000149308.17,5.444897522,kdU2AF1
ENSG00000148690.12,32.10119037,kdU2AF1
ENSG00000146733.14,32.95055252,kdU2AF1
ENSG00000145386.11,5.668172243,kdU2AF1
ENSG00000143952.20,21.5698229,kdU2AF1
ENSG00000143498.18,85.0926659,kdU2AF1
ENSG00000141027.21,6.70814151,kdU2AF1
ENSG00000140319.11,0.888618367,kdU2AF1
ENSG00000138303.18,48.84697109,kdU2AF1
ENSG00000138075.14,25.92521716,kdU2AF1
ENSG00000137504.14,1.981309416,kdU2AF1
ENSG00000137168.8,5.773697228,kdU2AF1
ENSG00000137154.13,0.163246296,kdU2AF1
ENSG00000136936.11,15.78994971,kdU2AF1
ENSG00000136273.13,38.08801463,kdU2AF1
ENSG00000136270.14,3.499772249,kdU2AF1
ENSG00000136231.14,8.885739787,kdU2AF1
ENSG00000135953.11,4.255525361,kdU2AF1
ENSG00000135185.12,22.38997208,kdU2AF1
ENSG00000134575.13,15.57036157,kdU2AF1
ENSG00000132485.14,3.508134695,kdU2AF1
ENSG00000132436.11,22.26674878,kdU2AF1
ENSG00000132275.11,32.41979672,kdU2AF1
ENSG00000131791.8,5.585459389,kdU2AF1
ENSG00000131100.13,24.27809763,kdU2AF1
ENSG00000131013.4,18.17811397,kdU2AF1
ENSG00000128000.17,41.19938788,kdU2AF1
ENSG00000125730.17,0.193320095,kdU2AF1
ENSG00000125037.12,12.13872911,kdU2AF1
ENSG00000124787.14,25.61637514,kdU2AF1
ENSG00000124172.10,4.809625508,kdU2AF1
ENSG00000123992.20,7.528110108,kdU2AF1
ENSG00000123600.20,15.29612226,kdU2AF1
ENSG00000123219.13,24.7531991,kdU2AF1
ENSG00000122952.17,2.883939275,kdU2AF1
ENSG00000120963.12,10.50647715,kdU2AF1
ENSG00000120334.15,28.63814399,kdU2AF1
ENSG00000116903.7,6.990857769,kdU2AF1
ENSG00000116791.14,5.096064361,kdU2AF1
ENSG00000116752.6,18.89675934,kdU2AF1
ENSG00000115840.14,12.04326342,kdU2AF1
ENSG00000115652.15,2.158182876,kdU2AF1
ENSG00000114209.15,11.06208788,kdU2AF1
ENSG00000113812.14,39.17898199,kdU2AF1
ENSG00000113048.17,0.367759909,kdU2AF1
ENSG00000111897.7,3.518673095,kdU2AF1
ENSG00000110172.12,12.25265928,kdU2AF1
ENSG00000109814.12,5.105796235,kdU2AF1
ENSG00000106804.8,7.367335495,kdU2AF1
ENSG00000105983.22,40.37000496,kdU2AF1
ENSG00000105854.13,6.17005667,kdU2AF1
ENSG00000104687.14,8.733949791,kdU2AF1
ENSG00000102158.20,22.63912826,kdU2AF1
ENSG00000101343.15,15.81705785,kdU2AF1
ENSG00000100983.12,7.637557117,kdU2AF1
ENSG00000100979.15,27.23649717,kdU2AF1
ENSG00000100934.15,1.153412583,kdU2AF1
ENSG00000100296.14,23.79551459,kdU2AF1
ENSG00000091947.10,3.46888023,kdU2AF1
ENSG00000089682.16,72.69159721,kdU2AF1
ENSG00000089050.16,11.974668,kdU2AF1
ENSG00000089048.15,36.68027954,kdU2AF1
ENSG00000086232.13,1.03894897,kdU2AF1
ENSG00000082438.18,4.305571785,kdU2AF1
ENSG00000080839.12,32.7748845,kdU2AF1
ENSG00000080824.19,0.034871459,kdU2AF1
ENSG00000073792.16,8.406875329,kdU2AF1
ENSG00000049541.11,10.35460992,kdU2AF1
ENSG00000048544.6,15.72715538,kdU2AF1
ENSG00000036549.13,30.79761244,kdU2AF1
ENSG00000000419.13,7.324901658,kdU2AF1
ENSG00000002586.20,4.069298318,kdU2AF1
ENSG00000006042.12,11.69375648,kdU2AF1
ENSG00000054523.18,28.54465487,kdU2AF1
ENSG00000061656.11,11.57122825,kdU2AF1
ENSG00000065135.12,29.3066789,kdU2AF1
ENSG00000072210.19,6.324516999,kdU2AF1
ENSG00000081791.9,18.31609775,kdU2AF1
ENSG00000082641.16,0.32118862,kdU2AF1
ENSG00000085274.16,22.77054344,kdU2AF1
ENSG00000087302.9,0.981832989,kdU2AF1
ENSG00000092203.15,0.904972287,kdU2AF1
ENSG00000092931.11,9.099041449,kdU2AF1
ENSG00000093217.11,41.24975159,kdU2AF1
ENSG00000100867.15,0.328882355,kdU2AF1
ENSG00000100902.11,1.371999053,kdU2AF1
ENSG00000100941.9,0.303356453,kdU2AF1
ENSG00000101109.12,30.27169828,kdU2AF1
ENSG00000101367.9,29.90942471,kdU2AF1
ENSG00000102858.13,6.9909242,kdU2AF1
ENSG00000102931.8,5.435479394,kdU2AF1
ENSG00000103018.17,3.871595396,kdU2AF1
ENSG00000103222.20,12.38594399,kdU2AF1
ENSG00000106605.11,17.82167028,kdU2AF1
ENSG00000108010.12,2.962888545,kdU2AF1
ENSG00000113328.19,0.438686713,kdU2AF1
ENSG00000115234.11,10.50876054,kdU2AF1
ENSG00000118271.12,0.297001057,kdU2AF1
ENSG00000118363.12,13.9094371,kdU2AF1
ENSG00000118579.13,15.51377805,kdU2AF1
ENSG00000119231.11,7.903201634,kdU2AF1
ENSG00000119318.13,7.60933018,kdU2AF1
ENSG00000119906.13,12.38105748,kdU2AF1
ENSG00000123124.14,18.03662977,kdU2AF1
ENSG00000124104.19,22.99817829,kdU2AF1
ENSG00000124549.14,26.98441403,kdU2AF1
ENSG00000125753.14,8.424711821,kdU2AF1
ENSG00000126464.14,15.37458623,kdU2AF1
ENSG00000127366.5,24.30607856,kdU2AF1
ENSG00000127995.17,5.822680914,kdU2AF1
ENSG00000128590.5,10.97580217,kdU2AF1
ENSG00000130204.13,7.325393652,kdU2AF1
ENSG00000130429.15,5.466371671,kdU2AF1
ENSG00000130703.17,20.47030995,kdU2AF1
ENSG00000131037.15,19.95452249,kdU2AF1
ENSG00000132300.19,16.39121735,kdU2AF1
ENSG00000132600.17,20.83389611,kdU2AF1
ENSG00000133226.17,2.070532807,kdU2AF1
ENSG00000134108.14,11.59893737,kdU2AF1
ENSG00000135372.9,6.351690917,kdU2AF1
ENSG00000135632.12,2.970283958,kdU2AF1
ENSG00000136436.15,2.73192345,kdU2AF1
ENSG00000138459.9,19.10605944,kdU2AF1
ENSG00000139405.16,4.989595168,kdU2AF1
ENSG00000140941.14,4.298890903,kdU2AF1
ENSG00000141560.15,11.32855888,kdU2AF1
ENSG00000142484.7,16.48266742,kdU2AF1
ENSG00000142949.17,4.815336712,kdU2AF1
ENSG00000143079.15,21.79583828,kdU2AF1
ENSG00000143499.14,13.8404189,kdU2AF1
ENSG00000144306.15,16.09713426,kdU2AF1
ENSG00000144357.18,12.35545891,kdU2AF1
ENSG00000144867.13,14.14254479,kdU2AF1
ENSG00000146859.6,71.43158644,kdU2AF1
ENSG00000147457.14,13.01518245,kdU2AF1
ENSG00000150527.17,3.517468202,kdU2AF1
ENSG00000152767.17,0.695281496,kdU2AF1
ENSG00000154781.16,35.87609993,kdU2AF1
ENSG00000155975.10,11.96345482,kdU2AF1
ENSG00000156639.12,2.7009124,kdU2AF1
ENSG00000159579.14,18.87383361,kdU2AF1
ENSG00000161204.11,6.241665138,kdU2AF1
ENSG00000163714.18,4.643667897,kdU2AF1
ENSG00000164062.13,5.807348261,kdU2AF1
ENSG00000164171.11,20.35459952,kdU2AF1
ENSG00000164405.11,2.507258425,kdU2AF1
ENSG00000165898.14,6.162511574,kdU2AF1
ENSG00000166135.14,23.39112689,kdU2AF1
ENSG00000166900.17,8.476414409,kdU2AF1
ENSG00000167770.12,10.25007955,kdU2AF1
ENSG00000168397.17,2.431903376,kdU2AF1
ENSG00000169972.12,39.57714406,kdU2AF1
ENSG00000171227.7,12.49202014,kdU2AF1
ENSG00000171793.16,24.20916647,kdU2AF1
ENSG00000172809.13,0.243200233,kdU2AF1
ENSG00000173992.9,31.89517854,kdU2AF1
ENSG00000174327.7,19.05254512,kdU2AF1
ENSG00000175311.7,5.445998243,kdU2AF1
ENSG00000181450.18,49.43803865,kdU2AF1
ENSG00000185728.17,10.40581732,kdU2AF1
ENSG00000187017.17,9.198587632,kdU2AF1
ENSG00000188021.9,4.580620438,kdU2AF1
ENSG00000196233.14,27.69309708,kdU2AF1
ENSG00000196421.8,11.8139732,kdU2AF1
ENSG00000196586.16,14.69673837,kdU2AF1
ENSG00000197111.16,5.705560876,kdU2AF1
ENSG00000198431.16,26.87773421,kdU2AF1
ENSG00000204619.8,2.839125775,kdU2AF1
ENSG00000204876.4,64.55756556,kdU2AF1
ENSG00000205464.13,29.01006296,kdU2AF1
ENSG00000213928.9,15.76427012,kdU2AF1
ENSG00000219891.2,29.17736265,kdU2AF1
ENSG00000224063.6,55.83227038,kdU2AF1
ENSG00000230795.3,28.06134451,kdU2AF1
ENSG00000236017.8,49.03751671,kdU2AF1
ENSG00000236871.7,47.00022464,kdU2AF1
ENSG00000272447.1,38.74884657,kdU2AF1
ENSG00000274002.1,47.27973255,kdU2AF1
ENSG00000276698.1,45.51883349,kdU2AF1
ENSG00000278948.1,24.83293035,kdU2AF1
ENSG00000286156.1,10.94938155,kdU2AF1
ENSG00000283828.1,27.67679871,kdU2AF1
ENSG00000280587.1,59.96640953,kdU2AF1
ENSG00000279756.1,54.16103492,kdU2AF1
ENSG00000278464.2,27.05240309,kdU2AF1
ENSG00000275223.1,36.56892834,kdU2AF1
ENSG00000263432.2,26.78470399,kdU2AF1
ENSG00000260233.3,44.94758517,kdU2AF1
ENSG00000242282.6,29.91539834,kdU2AF1
ENSG00000183527.12,19.53169894,kdU2AF1
ENSG00000231466.2,37.37797313,kdU2AF1
ENSG00000230882.1,4.42049296,kdU2AF1
ENSG00000230325.1,27.4852542,kdU2AF1
ENSG00000214425.8,57.25868825,kdU2AF1
ENSG00000214087.9,16.69339009,kdU2AF1
ENSG00000214078.13,2.48144539,kdU2AF1
ENSG00000205865.4,65.01808528,kdU2AF1
ENSG00000198380.13,17.96114624,kdU2AF1
ENSG00000198369.10,16.51070266,kdU2AF1
ENSG00000198168.9,16.75818107,kdU2AF1
ENSG00000197635.11,11.67126238,kdU2AF1
ENSG00000197043.14,8.248383719,kdU2AF1
ENSG00000196588.20,16.41229225,kdU2AF1
ENSG00000188825.14,15.48188803,kdU2AF1
ENSG00000187109.15,2.054515637,kdU2AF1
ENSG00000184277.13,13.80287363,kdU2AF1
ENSG00000183386.10,31.99269913,kdU2AF1
ENSG00000182400.15,22.37797296,kdU2AF1
ENSG00000180089.6,14.76661581,kdU2AF1
ENSG00000176142.13,10.50555416,kdU2AF1
ENSG00000175309.15,9.562786874,kdU2AF1
ENSG00000173726.11,7.709776196,kdU2AF1
ENSG00000172943.20,19.57273006,kdU2AF1
ENSG00000172667.11,33.76098126,kdU2AF1
ENSG00000171497.5,8.118077589,kdU2AF1
ENSG00000169856.9,70.80707348,kdU2AF1
ENSG00000168291.13,15.1889178,kdU2AF1
ENSG00000167393.18,34.65200897,kdU2AF1
ENSG00000167220.12,13.04307268,kdU2AF1
ENSG00000164885.13,12.10639643,kdU2AF1
ENSG00000164880.16,13.23137681,kdU2AF1
ENSG00000162959.14,10.09007082,kdU2AF1
ENSG00000162676.12,16.35913926,kdU2AF1
ENSG00000162191.14,1.548318105,kdU2AF1
ENSG00000158042.9,2.464388085,kdU2AF1
ENSG00000156171.15,8.077396009,kdU2AF1
ENSG00000154889.17,15.09867066,kdU2AF1
ENSG00000148965.10,6.348080728,kdU2AF1
ENSG00000148943.12,17.97365435,kdU2AF1
ENSG00000146282.18,6.34742564,kdU2AF1
ENSG00000145287.11,79.57605596,kdU2AF1
ENSG00000143970.17,18.9270014,kdU2AF1
ENSG00000143507.18,25.15200473,kdU2AF1
ENSG00000142867.14,18.88830856,kdU2AF1
ENSG00000141543.12,1.953165099,kdU2AF1
ENSG00000138442.10,5.598942635,kdU2AF1
ENSG00000137478.15,10.09477319,kdU2AF1
ENSG00000136861.18,8.670270867,kdU2AF1
ENSG00000136146.15,33.22733838,kdU2AF1
ENSG00000135446.17,6.715801146,kdU2AF1
ENSG00000132824.14,1.118224689,kdU2AF1
ENSG00000129187.15,4.494542602,kdU2AF1
ENSG00000128886.12,23.03128535,kdU2AF1
ENSG00000128159.12,25.43450674,kdU2AF1
ENSG00000123636.18,50.26486786,kdU2AF1
ENSG00000122566.22,0.702559814,kdU2AF1
ENSG00000122359.18,6.452549875,kdU2AF1
ENSG00000121931.16,10.24417927,kdU2AF1
ENSG00000119396.11,15.76732151,kdU2AF1
ENSG00000116649.10,1.434304573,kdU2AF1
ENSG00000115966.17,39.40108719,kdU2AF1
ENSG00000115942.9,19.26163319,kdU2AF1
ENSG00000115486.12,16.92960079,kdU2AF1
ENSG00000112249.14,11.63239242,kdU2AF1
ENSG00000112031.16,34.49427383,kdU2AF1
ENSG00000111339.12,10.97768048,kdU2AF1
ENSG00000111328.7,7.123496388,kdU2AF1
ENSG00000111300.10,20.43887648,kdU2AF1
ENSG00000108883.13,7.079969554,kdU2AF1
ENSG00000108861.9,2.490937243,kdU2AF1
ENSG00000108528.14,7.39830927,kdU2AF1
ENSG00000107929.15,7.120114866,kdU2AF1
ENSG00000107672.15,15.11833872,kdU2AF1
ENSG00000104231.11,4.643794481,kdU2AF1
ENSG00000103365.15,2.934417203,kdU2AF1
ENSG00000103335.22,2.534230554,kdU2AF1
ENSG00000102786.15,17.39001437,kdU2AF1
ENSG00000102572.15,18.27354907,kdU2AF1
ENSG00000101220.18,33.42153775,kdU2AF1
ENSG00000100418.8,7.178889632,kdU2AF1
ENSG00000092094.11,4.469643522,kdU2AF1
ENSG00000090534.20,17.94311058,kdU2AF1
ENSG00000089486.17,2.959755468,kdU2AF1
ENSG00000083520.15,6.538398748,kdU2AF1
ENSG00000078902.16,13.16741096,kdU2AF1
ENSG00000075826.17,21.53459332,kdU2AF1
ENSG00000072364.13,9.041967345,kdU2AF1
ENSG00000072110.15,0.845311711,kdU2AF1
ENSG00000070610.14,5.739799525,kdU2AF1
ENSG00000069329.18,6.745722513,kdU2AF1
ENSG00000068878.15,10.19547604,kdU2AF1
ENSG00000048405.10,44.66886208,kdU2AF1
ENSG00000012817.16,13.42673119,kdU2AF1
ENSG00000007384.15,8.544832275,kdU2AF1
ENSG00000004142.12,6.549923227,kdU2AF1
ENSG00000002016.18,28.96713281,kdU2AF1
ENSG00000003509.16,11.79242285,kdU2AF1
ENSG00000010244.19,2.368242127,kdU2AF1
ENSG00000011021.23,7.519067241,kdU2AF1
ENSG00000033011.13,23.02252547,kdU2AF1
ENSG00000058600.16,1.30682097,kdU2AF1
ENSG00000075240.17,21.86419219,kdU2AF1
ENSG00000091140.14,2.730256419,kdU2AF1
ENSG00000100216.6,1.890843167,kdU2AF1
ENSG00000101158.15,0.999755676,kdU2AF1
ENSG00000101193.8,1.923872864,kdU2AF1
ENSG00000103353.16,2.047008492,kdU2AF1
ENSG00000104671.8,26.4552859,kdU2AF1
ENSG00000108788.12,4.063450237,kdU2AF1
ENSG00000112062.11,7.151830303,kdU2AF1
ENSG00000112306.8,0.443276884,kdU2AF1
ENSG00000115806.13,3.127525831,kdU2AF1
ENSG00000118640.11,2.516816912,kdU2AF1
ENSG00000120738.8,0.755856971,kdU2AF1
ENSG00000122126.17,5.774532821,kdU2AF1
ENSG00000131482.10,5.118474108,kdU2AF1
ENSG00000133111.4,13.80410008,kdU2AF1
ENSG00000134590.14,3.409711363,kdU2AF1
ENSG00000135974.10,5.385136137,kdU2AF1
ENSG00000137880.6,13.61341124,kdU2AF1
ENSG00000141556.21,17.81222201,kdU2AF1
ENSG00000142676.14,0.422704133,kdU2AF1
ENSG00000145425.10,0.560653647,kdU2AF1
ENSG00000145734.19,11.18811699,kdU2AF1
ENSG00000154124.5,29.23618504,kdU2AF1
ENSG00000158806.14,16.62897447,kdU2AF1
ENSG00000161036.13,25.71134429,kdU2AF1
ENSG00000163597.15,2.537654032,kdU2AF1
ENSG00000165678.21,6.647804778,kdU2AF1
ENSG00000170312.16,14.72045971,kdU2AF1
ENSG00000173163.10,23.98046483,kdU2AF1
ENSG00000175224.16,1.280801099,kdU2AF1
ENSG00000175470.20,15.7373092,kdU2AF1
ENSG00000179091.5,0.7155127,kdU2AF1
ENSG00000184634.16,10.69610391,kdU2AF1
ENSG00000185896.11,3.079499434,kdU2AF1
ENSG00000186301.8,3.706285184,kdU2AF1
ENSG00000198522.14,11.32972349,kdU2AF1
ENSG00000257027.1,29.97479949,kdU2AF1
ENSG00000261101.2,44.87423153,kdU2AF1
ENSG00000261236.8,8.949324944,kdU2AF1
ENSG00000244067.3,33.05299512,kdU2AF1
ENSG00000240356.6,13.95557838,kdU2AF1
ENSG00000213513.3,36.37141082,kdU2AF1
ENSG00000199664.1,30.61667077,kdU2AF1
ENSG00000198642.7,18.56845005,kdU2AF1
ENSG00000198586.14,11.5864082,kdU2AF1
ENSG00000188706.13,16.37360867,kdU2AF1
ENSG00000182158.15,9.458841907,kdU2AF1
ENSG00000176909.12,15.17599968,kdU2AF1
ENSG00000176871.9,14.92347828,kdU2AF1
ENSG00000175416.16,18.54240741,kdU2AF1
ENSG00000175221.15,45.10243713,kdU2AF1
ENSG00000170619.10,15.91051434,kdU2AF1
ENSG00000170581.14,7.239882504,kdU2AF1
ENSG00000167699.13,9.133479286,kdU2AF1
ENSG00000166526.18,6.876876801,kdU2AF1
ENSG00000164751.15,10.81183304,kdU2AF1
ENSG00000163660.12,2.607555413,kdU2AF1
ENSG00000163162.9,5.522987906,kdU2AF1
ENSG00000160392.13,10.50919653,kdU2AF1
ENSG00000154723.13,3.150512943,kdU2AF1
ENSG00000151247.13,9.753342287,kdU2AF1
ENSG00000151208.17,16.46906306,kdU2AF1
ENSG00000144645.15,13.40411363,kdU2AF1
ENSG00000137845.15,28.29561072,kdU2AF1
ENSG00000137038.8,4.344122333,kdU2AF1
ENSG00000136522.14,21.49048811,kdU2AF1
ENSG00000132912.13,13.32098639,kdU2AF1
ENSG00000129946.10,21.92034657,kdU2AF1
ENSG00000128513.16,10.15455723,kdU2AF1
ENSG00000127463.15,6.851226333,kdU2AF1
ENSG00000123739.11,12.96716104,kdU2AF1
ENSG00000115694.15,1.222339903,kdU2AF1
ENSG00000115355.17,6.370101665,kdU2AF1
ENSG00000103248.19,11.79322977,kdU2AF1
ENSG00000103042.9,7.900694953,kdU2AF1
ENSG00000100030.15,17.19621128,kdU2AF1
ENSG00000099817.12,14.64926638,kdU2AF1
ENSG00000091136.15,1.358016155,kdU2AF1
ENSG00000087502.18,3.444934678,kdU2AF1
ENSG00000085721.13,8.658294573,kdU2AF1
ENSG00000082516.9,7.667056584,kdU2AF1
ENSG00000029363.17,2.216302295,kdU2AF1
