gene_id,dogFPKM,geneFPKM,exp_group,RT,tissue,log2dogFPKM,log2geneFPKM
ENSG00000143632.14,1067.255,13003.284500000002,high,RT,muscle-skeletal,10.059689206168517,13.666588459215369
ENSG00000114854.8,20.495,3145.0235,high,RT,muscle-skeletal,4.357200084860054,11.618855081800609
ENSG00000149925.22,51.4,2805.4595,high,RT,muscle-skeletal,5.683696454306515,11.454021370675962
ENSG00000133112.17,0.385,1877.871,high,RT,muscle-skeletal,-1.3770696490798233,10.874882245389427
ENSG00000111245.17,70.13,1828.908,high,RT,muscle-skeletal,6.131959822898301,10.836766789337547
ENSG00000198125.13,169.82,1080.974,high,RT,muscle-skeletal,7.40786256740339,10.078116107899161
ENSG00000092054.13,6.77,982.0355,high,RT,muscle-skeletal,2.759155833800272,9.93963136782613
ENSG00000130598.16,14.72,912.0415,high,RT,muscle-skeletal,3.8797057662822882,9.8329556616231
ENSG00000101470.10,6.279999999999999,853.2090000000001,high,RT,muscle-skeletal,2.6507645591169022,9.736755373675063
ENSG00000105048.17,4.0,565.913,high,RT,muscle-skeletal,2.0,9.144436468775387
ENSG00000060138.13,20.745,509.6775,high,RT,muscle-skeletal,4.3746917520969255,8.993440855839467
ENSG00000106211.10,29.53,433.4225,high,RT,muscle-skeletal,4.88410945135923,8.759630238905089
ENSG00000170315.14,16.759999999999998,415.985,high,RT,muscle-skeletal,4.066950243924627,8.700387696949326
ENSG00000173641.18,8.62,342.195,high,RT,muscle-skeletal,3.1076878693143732,8.418674869742599
ENSG00000150991.15,13.63,309.1245,high,RT,muscle-skeletal,3.7687136570304847,8.272044190874034
ENSG00000159173.19,1.465,302.72,high,RT,muscle-skeletal,0.5509006646475233,8.24184018356467
ENSG00000082641.16,1.46,301.148,high,RT,muscle-skeletal,0.5459683691052925,8.234328867424958
ENSG00000167526.14,1.26,276.8905,high,RT,muscle-skeletal,0.3334237337251918,8.113171746050885
ENSG00000151729.11,0.6,262.906,high,RT,muscle-skeletal,-0.7369655941662062,8.0384032570691
ENSG00000168530.16,49.6,241.877,high,RT,muscle-skeletal,5.632268215499513,7.918129780243773
ENSG00000174437.17,11.05,238.851,high,RT,muscle-skeletal,3.465974464504069,7.899967106743086
ENSG00000173812.11,0.37,235.8985,high,RT,muscle-skeletal,-1.434402824145775,7.882022434763964
ENSG00000196091.15,8.785,229.3115,high,RT,muscle-skeletal,3.1350422862336513,7.841164897841897
ENSG00000170290.4,36.89,216.9625,high,RT,muscle-skeletal,5.205157883920094,7.761301897240779
ENSG00000077522.14,2.76,211.5145,high,RT,muscle-skeletal,1.4646682670034443,7.724612757900287
ENSG00000101210.13,2.47,202.399,high,RT,muscle-skeletal,1.304511041809953,7.661058351849414
ENSG00000008988.11,0.34,185.543,high,RT,muscle-skeletal,-1.5563933485243853,7.535609763131456
ENSG00000165410.15,1.395,177.7055,high,RT,muscle-skeletal,0.4802651220544629,7.47334452336378
ENSG00000183386.10,3.745,168.414,high,RT,muscle-skeletal,1.9049657186840263,7.395868262211373
ENSG00000104823.9,5.52,164.25199999999998,high,RT,muscle-skeletal,2.4646682670034443,7.35976712727828
ENSG00000099624.8,1.63,145.71,high,RT,muscle-skeletal,0.7048719644563528,7.186956081970154
ENSG00000265972.6,13.31,144.663,high,RT,muscle-skeletal,3.734438666137167,7.176552165256581
ENSG00000163092.21,7.41,144.337,high,RT,muscle-skeletal,2.889473542531109,7.173297363991424
ENSG00000254772.10,10.64,137.637,high,RT,muscle-skeletal,3.411426245726465,7.104724541653547
ENSG00000164405.11,0.39,125.51,high,RT,muscle-skeletal,-1.3584539709124763,6.971658505151254
ENSG00000185482.8,7.87,124.025,high,RT,muscle-skeletal,2.9763636357327616,6.954487147005316
ENSG00000185100.11,3.465,109.4165,high,RT,muscle-skeletal,1.792855352362489,6.773686502614778
ENSG00000240045.2,7.17,105.9455,high,RT,muscle-skeletal,2.84197311892718,6.727178500792428
ENSG00000125534.10,2.295,105.0415,high,RT,muscle-skeletal,1.1984941536390832,6.7148156130518055
ENSG00000198755.11,7.99,93.951,high,RT,muscle-skeletal,2.9981955031532523,6.553836612438632
ENSG00000134590.14,1.76,87.876,high,RT,muscle-skeletal,0.8155754288625726,6.457397296561379
ENSG00000122026.10,0.415,87.6745,high,RT,muscle-skeletal,-1.2688167584278,6.454085392825361
ENSG00000213741.11,0.39,85.05850000000001,high,RT,muscle-skeletal,-1.3584539709124763,6.410383508261072
ENSG00000010256.11,1.51,82.10749999999999,high,RT,muscle-skeletal,0.5945485495503542,6.3594421039624605
ENSG00000018625.15,11.14,81.414,high,RT,muscle-skeletal,3.4776773275653072,6.3472049974116365
ENSG00000112306.8,0.34,80.92150000000001,high,RT,muscle-skeletal,-1.5563933485243853,6.338451157523355
ENSG00000179010.15,1.54,78.5085,high,RT,muscle-skeletal,0.6229303509201767,6.29477695582131
ENSG00000108528.14,0.595,76.8655,high,RT,muscle-skeletal,-0.7490384264667812,6.264264304944541
ENSG00000134333.14,0.28,70.703,high,RT,muscle-skeletal,-1.8365012677171204,6.143699526234609
ENSG00000170807.12,4.56,68.656,high,RT,muscle-skeletal,2.189033824390017,6.101313901086299
ENSG00000159348.13,8.005,67.0295,high,RT,muscle-skeletal,3.0009014027415324,6.066724267129602
ENSG00000125744.12,7.390000000000001,66.1445,high,RT,muscle-skeletal,2.8855743643714264,6.0475492944357425
ENSG00000172115.9,0.46,63.513,high,RT,muscle-skeletal,-1.1202942337177118,5.988980011433375
ENSG00000185847.8,19.815,62.8845,high,RT,muscle-skeletal,4.308521062193259,5.97463255509506
ENSG00000154518.10,0.37,61.4015,high,RT,muscle-skeletal,-1.434402824145775,5.940201995045163
ENSG00000151726.15,5.45,60.2055,high,RT,muscle-skeletal,2.4462562298895643,5.911823383538051
ENSG00000116748.21,1.63,56.935,high,RT,muscle-skeletal,0.7048719644563528,5.831243896855197
ENSG00000159069.14,1.91,56.66,high,RT,muscle-skeletal,0.9335726382610239,5.824258696603374
ENSG00000168264.11,0.715,56.15650000000001,high,RT,muscle-skeletal,-0.48398485299633537,5.811381116178076
ENSG00000272975.1,5.93,55.974,high,RT,muscle-skeletal,2.568032104771279,5.806684943817348
ENSG00000119938.9,7.11,54.493,high,RT,muscle-skeletal,2.8298495598446904,5.767999012595408
ENSG00000188846.14,0.35,54.179,high,RT,muscle-skeletal,-1.5145731728297582,5.759661860366106
ENSG00000142676.14,0.38,53.754000000000005,high,RT,muscle-skeletal,-1.3959286763311392,5.748300208946623
ENSG00000154358.23,3.82,52.403000000000006,high,RT,muscle-skeletal,1.9335726382610239,5.711577501330085
ENSG00000166317.12,5.3,52.016,high,RT,muscle-skeletal,2.4059923596758366,5.700883556028269
ENSG00000111046.4,6.1850000000000005,51.789,high,RT,muscle-skeletal,2.628773595201645,5.694573796453838
ENSG00000169271.3,3.86,51.314,high,RT,muscle-skeletal,1.9486008474933556,5.68128058495065
ENSG00000165280.18,0.195,50.4495,high,RT,muscle-skeletal,-2.358453970912476,5.656768065882126
ENSG00000105372.8,0.81,48.042,high,RT,muscle-skeletal,-0.3040061868900999,5.586224306922192
ENSG00000168334.9,15.4,47.3805,high,RT,muscle-skeletal,3.944858445807539,5.566221518111228
ENSG00000122367.20,7.17,46.993,high,RT,muscle-skeletal,2.84197311892718,5.554373966200956
ENSG00000168333.14,0.68,46.3095,high,RT,muscle-skeletal,-0.5563933485243852,5.533236275349081
ENSG00000168509.20,4.68,46.2415,high,RT,muscle-skeletal,2.2265085298086795,5.5311162921952866
ENSG00000106992.19,2.67,42.592,high,RT,muscle-skeletal,1.4168397419128291,5.412510571249805
ENSG00000100380.14,0.81,41.7725,high,RT,muscle-skeletal,-0.3040061868900999,5.384481583364656
ENSG00000111639.8,0.47,41.7315,high,RT,muscle-skeletal,-1.0892673380970874,5.383064872753675
ENSG00000110651.12,2.89,40.0025,high,RT,muscle-skeletal,1.5310694927259543,5.322018260509772
ENSG00000185624.16,2.455,39.856,high,RT,muscle-skeletal,1.2957230245399685,5.316725021578749
ENSG00000169714.17,0.515,39.4855,high,RT,muscle-skeletal,-0.9573556625915063,5.3032510540350675
ENSG00000101306.11,2.6,39.015,high,RT,muscle-skeletal,1.3785116232537298,5.285956994889423
ENSG00000092199.18,0.785,36.12350000000001,high,RT,muscle-skeletal,-0.34923544088309766,5.174865776964602
ENSG00000106153.13,5.24,36.0265,high,RT,muscle-skeletal,2.389566811762726,5.17098659461451
ENSG00000169976.7,1.48,35.694,high,RT,muscle-skeletal,0.5655971758542251,5.157609679009073
ENSG00000206503.13,1.57,34.9965,high,RT,muscle-skeletal,0.6507645591169023,5.129138740226922
ENSG00000100628.12,5.33,34.519000000000005,high,RT,muscle-skeletal,2.414135532984451,5.1093187657791495
ENSG00000159388.6,1.715,32.264,high,RT,muscle-skeletal,0.7782085763980877,5.011853405743789
ENSG00000136279.21,0.31,30.8805,high,RT,muscle-skeletal,-1.6896598793878495,4.948624207003737
ENSG00000063660.9,1.215,30.296,high,RT,muscle-skeletal,0.2809563138310563,4.9210554212223325
ENSG00000113013.16,0.265,30.146,high,RT,muscle-skeletal,-1.9159357352115254,4.913894681987778
ENSG00000179094.16,2.215,29.4095,high,RT,muscle-skeletal,1.1473066987802936,4.87821035161651
ENSG00000130821.17,1.415,28.789,high,RT,muscle-skeletal,0.5008020530571576,4.847445771940952
ENSG00000101439.9,0.63,28.7865,high,RT,muscle-skeletal,-0.6665762662748083,4.847320484705774
ENSG00000131174.7,0.45,28.6735,high,RT,muscle-skeletal,-1.15200309344505,4.841646111236074
ENSG00000108861.9,4.91,27.676,high,RT,muscle-skeletal,2.2957230245399685,4.7905635408544995
ENSG00000129250.12,0.745,27.67,high,RT,muscle-skeletal,-0.42468766931256313,4.79025073883523
ENSG00000169021.6,0.33,27.590000000000003,high,RT,muscle-skeletal,-1.5994620704162712,4.786073551578548
ENSG00000086015.22,1.61,26.6655,high,RT,muscle-skeletal,0.6870606883398924,4.736902474877422
ENSG00000146278.11,0.54,26.2165,high,RT,muscle-skeletal,-0.888968687611256,4.712403188163006
ENSG00000103423.14,0.58,25.5605,high,RT,muscle-skeletal,-0.7858751946471527,4.675844152630216
ENSG00000119048.8,0.85,25.523,high,RT,muscle-skeletal,-0.23446525363702297,4.673726009834537
ENSG00000116649.10,1.72,24.8925,high,RT,muscle-skeletal,0.7824085649273732,4.637639225024731
ENSG00000148180.21,5.51,24.399,high,RT,muscle-skeletal,2.4620523187964327,4.608750114617937
ENSG00000166619.15,2.19,24.3695,high,RT,muscle-skeletal,1.1309308698264486,4.6070047458287755
ENSG00000175567.11,2.37,24.0815,high,RT,muscle-skeletal,1.2448870591235344,4.589853353063153
ENSG00000161671.17,44.915,24.0315,high,RT,muscle-skeletal,5.489125428754626,4.586854796414744
ENSG00000183779.7,2.085,24.005000000000003,high,RT,muscle-skeletal,1.060047383669939,4.58526303088387
ENSG00000129170.10,6.905,23.918,high,RT,muscle-skeletal,2.787641414483326,4.580024852704518
ENSG00000196923.14,0.58,23.598,high,RT,muscle-skeletal,-0.7858751946471527,4.5605926870019795
ENSG00000079393.20,2.14,23.56,high,RT,muscle-skeletal,1.0976107966264224,4.558267634055736
ENSG00000113048.17,0.52,23.136000000000003,high,RT,muscle-skeletal,-0.9434164716336325,4.532067552289031
ENSG00000156804.7,3.42,23.0315,high,RT,muscle-skeletal,1.7739963251111732,4.525536469200479
ENSG00000155090.15,1.56,22.825,high,RT,muscle-skeletal,0.6415460290875237,4.512542955096859
ENSG00000169045.17,1.97,22.292,high,RT,muscle-skeletal,0.9781956296816515,4.478454153416019
ENSG00000174403.16,0.91,21.5055,high,RT,muscle-skeletal,-0.13606154957602837,4.426633769026691
ENSG00000133454.16,0.46,21.1965,high,RT,muscle-skeletal,-1.1202942337177118,4.40575415922747
ENSG00000242790.1,0.35,21.0635,high,RT,muscle-skeletal,-1.5145731728297582,4.39667327546288
ENSG00000100284.22,0.69,20.9385,high,RT,muscle-skeletal,-0.5353317329965558,4.388086188537472
ENSG00000164591.14,2.34,20.928,high,RT,muscle-skeletal,1.2265085298086797,4.387362540835996
ENSG00000136238.18,2.74,20.7925,high,RT,muscle-skeletal,1.4541758931858022,4.377991326905882
ENSG00000087245.13,0.36,20.7265,high,RT,muscle-skeletal,-1.4739311883324124,4.373404609841312
ENSG00000189403.15,0.29,20.6,high,RT,muscle-skeletal,-1.7858751946471527,4.364572432295856
ENSG00000072401.15,0.91,20.506,high,RT,muscle-skeletal,-0.13606154957602837,4.357974195044222
ENSG00000077009.13,0.87,20.377,high,RT,muscle-skeletal,-0.2009126939259964,4.348869761518283
ENSG00000145907.16,0.28,20.376,high,RT,muscle-skeletal,-1.8365012677171204,4.3487989596121075
ENSG00000055955.17,1.865,20.14,high,RT,muscle-skeletal,0.8991756304805131,4.33199177823206
ENSG00000160392.13,1.84,19.504,high,RT,muscle-skeletal,0.8797057662822882,4.285698125958125
ENSG00000137076.21,0.45,19.479,high,RT,muscle-skeletal,-1.15200309344505,4.2838477100862455
ENSG00000175564.13,1.85,19.3735,high,RT,muscle-skeletal,0.8875252707415875,4.276012708431138
ENSG00000186298.12,0.5,19.2405,high,RT,muscle-skeletal,-1.0,4.26607438558303
ENSG00000158022.7,4.765000000000001,19.0195,high,RT,muscle-skeletal,2.2524762141352173,4.2494074148501895
ENSG00000065427.15,0.3199999999999999,18.3965,high,RT,muscle-skeletal,-1.6438561897747253,4.201359409378945
ENSG00000137038.8,0.35,18.3075,high,RT,muscle-skeletal,-1.5145731728297582,4.194362890727586
ENSG00000112759.19,2.27,18.042,high,RT,muscle-skeletal,1.1826922975161902,4.173287368633072
ENSG00000162889.11,2.32,18.034,high,RT,muscle-skeletal,1.2141248053528473,4.172647521614761
ENSG00000133142.18,0.45,17.817999999999998,high,RT,muscle-skeletal,-1.15200309344505,4.155263504024833
ENSG00000100906.11,1.04,17.4075,high,RT,muscle-skeletal,0.056583528366367514,4.121637118290914
ENSG00000101605.13,7.96,17.1475,high,RT,muscle-skeletal,2.992768430768924,4.099926350556032
ENSG00000140545.15,1.205,17.113500000000002,high,RT,muscle-skeletal,0.269033146455237,4.097062940410817
ENSG00000188176.12,3.47,16.8275,high,RT,muscle-skeletal,1.7949356628035362,4.072748951560641
ENSG00000198830.11,0.56,16.656,high,RT,muscle-skeletal,-0.8365012677171204,4.05797006863733
ENSG00000071859.15,0.93,16.572499999999998,high,RT,muscle-skeletal,-0.10469737866669324,4.050719347751264
ENSG00000197766.8,0.44,16.543499999999998,high,RT,muscle-skeletal,-1.1844245711374275,4.048192583233777
ENSG00000089280.19,1.1,16.4515,high,RT,muscle-skeletal,0.13750352374993502,4.040147225589689
ENSG00000152642.11,1.39,16.4115,high,RT,muscle-skeletal,0.47508488294878265,4.036635201116337
ENSG00000105204.14,3.18,16.149,high,RT,muscle-skeletal,1.6690267655096307,4.0133729260785
ENSG00000095321.18,0.54,16.107999999999997,high,RT,muscle-skeletal,-0.888968687611256,4.009705472283667
ENSG00000164733.22,1.25,16.0605,high,RT,muscle-skeletal,0.32192809488736235,4.0054449028292485
ENSG00000007168.14,1.48,16.03,high,RT,muscle-skeletal,0.5655971758542251,4.002702520379824
ENSG00000104805.16,2.21,15.8235,high,RT,muscle-skeletal,1.144046369616707,3.9839968397144974
ENSG00000165678.21,0.84,15.755,high,RT,muscle-skeletal,-0.25153876699596445,3.977737849242815
ENSG00000168899.5,2.275,15.74,high,RT,muscle-skeletal,1.185866545311334,3.9763636357327616
ENSG00000125730.17,0.75,15.4855,high,RT,muscle-skeletal,-0.4150374992788438,3.952846060778517
ENSG00000172046.19,0.77,15.337,high,RT,muscle-skeletal,-0.3770696490798233,3.9389444063857395
ENSG00000114738.11,0.86,15.2515,high,RT,muscle-skeletal,-0.21759143507262677,3.930879235014689
ENSG00000013441.16,0.3,15.174,high,RT,muscle-skeletal,-1.7369655941662063,3.9235295377223074
ENSG00000137198.10,6.605,14.9885,high,RT,muscle-skeletal,2.723558561472103,3.9057841052016293
ENSG00000105643.10,2.18,14.983,high,RT,muscle-skeletal,1.1243281350022019,3.9052546139973883
ENSG00000112531.17,0.43,14.953,high,RT,muscle-skeletal,-1.2175914350726267,3.9023630542889847
ENSG00000100345.22,5.16,14.8655,high,RT,muscle-skeletal,2.3673710656485296,3.8938960838906778
ENSG00000122359.18,0.34,14.795,high,RT,muscle-skeletal,-1.5563933485243853,3.8870377914191967
ENSG00000087074.8,1.28,14.7,high,RT,muscle-skeletal,0.35614381022527536,3.877744249949002
ENSG00000145494.12,0.99,14.6375,high,RT,muscle-skeletal,-0.014499569695115089,3.8715972656138526
ENSG00000136718.10,0.28,14.5225,high,RT,muscle-skeletal,-1.8365012677171204,3.8602179247458523
ENSG00000176868.2,7.19,14.503,high,RT,muscle-skeletal,2.845991770664573,3.858279452882846
ENSG00000105221.18,0.325,14.435,high,RT,muscle-skeletal,-1.6214883767462702,3.851499202461257
ENSG00000128309.17,1.09,14.068,high,RT,muscle-skeletal,0.12432813500220177,3.8143453349632197
ENSG00000261168.1,0.705,14.0165,high,RT,muscle-skeletal,-0.5043048373759312,3.8090542400257195
ENSG00000108671.11,0.36,13.965,high,RT,muscle-skeletal,-1.4739311883324124,3.8037436685052253
ENSG00000103365.15,0.26,13.9375,high,RT,muscle-skeletal,-1.9434164716336324,3.8008998999203047
ENSG00000123091.5,0.54,13.936,high,RT,muscle-skeletal,-0.888968687611256,3.8007446239367777
ENSG00000033627.17,0.49,13.862,high,RT,muscle-skeletal,-1.0291463456595165,3.7930635184462336
ENSG00000115840.14,2.21,13.8525,high,RT,muscle-skeletal,1.144046369616707,3.7920744619288698
ENSG00000141030.13,0.46,13.817,high,RT,muscle-skeletal,-1.1202942337177118,3.788372501137855
ENSG00000163684.12,0.39,13.6635,high,RT,muscle-skeletal,-1.3584539709124763,3.7722551821657566
ENSG00000176909.12,0.56,13.5305,high,RT,muscle-skeletal,-0.8365012677171204,3.7581432478893295
ENSG00000130985.17,2.34,13.4955,high,RT,muscle-skeletal,1.2265085298086797,3.7544065236489654
ENSG00000198276.16,0.65,13.290500000000002,high,RT,muscle-skeletal,-0.6214883767462701,3.732323475946252
ENSG00000171206.15,0.84,13.1455,high,RT,muscle-skeletal,-0.25153876699596445,3.7164971119898973
ENSG00000261221.4,0.62,13.142,high,RT,muscle-skeletal,-0.6896598793878495,3.7161129421241474
ENSG00000198355.5,1.3,13.0955,high,RT,muscle-skeletal,0.3785116232537299,3.7109992392455444
ENSG00000072954.7,4.7,12.965,high,RT,muscle-skeletal,2.232660756790275,3.69655030107857
ENSG00000204574.14,0.2299999999999999,12.823,high,RT,muscle-skeletal,-2.1202942337177126,3.680661921492647
ENSG00000161204.11,2.035,12.7895,high,RT,muscle-skeletal,1.0250287944915224,3.676887958667456
ENSG00000270170.2,2.02,12.77,high,RT,muscle-skeletal,1.01435529297707,3.674686619927999
ENSG00000177354.12,9.43,12.747,high,RT,muscle-skeletal,3.237257770900372,3.672085844372355
ENSG00000123095.6,0.915,12.742,high,RT,muscle-skeletal,-0.1281563514906822,3.6715198374441145
ENSG00000163395.17,1.18,12.677,high,RT,muscle-skeletal,0.23878685958711648,3.6641414683456848
ENSG00000139641.13,0.86,12.5775,high,RT,muscle-skeletal,-0.21759143507262677,3.652773284510778
ENSG00000154153.14,2.33,12.572,high,RT,muscle-skeletal,1.2203299548795556,3.652142272136664
ENSG00000167657.14,0.865,12.5695,high,RT,muscle-skeletal,-0.20922796213800007,3.6518553570668306
ENSG00000112992.18,0.405,12.539,high,RT,muscle-skeletal,-1.3040061868900998,3.648350390988425
ENSG00000122180.5,1.84,12.5245,high,RT,muscle-skeletal,0.8797057662822882,3.6466811045418597
ENSG00000126934.14,3.475,12.475,high,RT,muscle-skeletal,1.7970129778361452,3.640967910449898
ENSG00000130222.11,1.605,12.474,high,RT,muscle-skeletal,0.6825732973475784,3.6408522589174392
ENSG00000196642.19,2.325,12.4375,high,RT,muscle-skeletal,1.2172307162206693,3.6366246205436488
ENSG00000079459.13,0.47,12.392,high,RT,muscle-skeletal,-1.0892673380970874,3.6313371441274813
ENSG00000140391.15,0.27,12.359000000000002,high,RT,muscle-skeletal,-1.8889686876112561,3.6274901105078468
ENSG00000110917.8,0.695,12.2985,high,RT,muscle-skeletal,-0.5249151170512174,3.6204104613034325
ENSG00000147224.13,0.42,12.296,high,RT,muscle-skeletal,-1.2515387669959646,3.620117165028684
ENSG00000120738.8,9.415,12.219,high,RT,muscle-skeletal,3.2349610948395036,3.611054315062484
ENSG00000136383.7,1.3050000000000002,12.1815,high,RT,muscle-skeletal,0.38404980679516,3.606619888995189
ENSG00000170681.7,6.234999999999999,12.0975,high,RT,muscle-skeletal,2.6403895600549454,3.5966370341020744
ENSG00000116604.18,0.65,12.0905,high,RT,muscle-skeletal,-0.6214883767462701,3.595802003047985
ENSG00000186432.10,0.85,11.972,high,RT,muscle-skeletal,-0.23446525363702297,3.581592278836014
ENSG00000177238.14,0.58,11.971,high,RT,muscle-skeletal,-0.7858751946471527,3.5814717680360535
ENSG00000133243.10,0.48,11.968,high,RT,muscle-skeletal,-1.0588936890535685,3.5811101752255494
ENSG00000116459.11,2.33,11.9645,high,RT,muscle-skeletal,1.2203299548795556,3.5806882023703017
ENSG00000100902.11,1.77,11.900000000000002,high,RT,muscle-skeletal,0.8237493603082727,3.5728896684205815
ENSG00000198612.11,2.47,11.724,high,RT,muscle-skeletal,1.304511041809953,3.5513929680274545
ENSG00000185739.13,4.39,11.716,high,RT,muscle-skeletal,2.1342209397606333,3.5504081932172795
ENSG00000044115.21,0.8500000000000001,11.5665,high,RT,muscle-skeletal,-0.23446525363702278,3.5318804687069894
ENSG00000148677.7,21.575000000000003,11.41,high,RT,muscle-skeletal,4.431288654291593,3.512226886513957
ENSG00000172508.10,2.27,11.251,high,RT,muscle-skeletal,1.1826922975161902,3.4919813301896667
ENSG00000171421.13,3.27,11.176,high,RT,muscle-skeletal,1.709290635723358,3.4823320207473762
ENSG00000167186.11,1.51,11.0985,high,RT,muscle-skeletal,0.5945485495503542,3.472292799499356
ENSG00000124486.13,0.38,11.092,high,RT,muscle-skeletal,-1.3959286763311392,3.4714476163773917
ENSG00000077549.19,0.48,11.0765,high,RT,muscle-skeletal,-1.0588936890535685,3.469430179313291
ENSG00000278445.1,1.29,11.0445,high,RT,muscle-skeletal,0.36737106564852945,3.4652562022316675
ENSG00000091483.7,0.405,11.0265,high,RT,muscle-skeletal,-1.3040061868900998,3.4629030223582222
ENSG00000158604.15,0.94,10.966,high,RT,muscle-skeletal,-0.08926733809708741,3.454965473634712
ENSG00000226094.1,0.9,10.9275,high,RT,muscle-skeletal,-0.15200309344504995,3.4498914730109442
ENSG00000058404.20,2.08,10.8475,high,RT,muscle-skeletal,1.0565835283663676,3.4392906810420176
ENSG00000136436.15,1.795,10.78,high,RT,muscle-skeletal,0.8439838440483266,3.430285272977781
ENSG00000173281.5,0.92,10.7315,high,RT,muscle-skeletal,-0.12029423371771177,3.4237798383922633
ENSG00000214456.8,2.1,10.556,high,RT,muscle-skeletal,1.070389327891398,3.3999913506641812
ENSG00000103657.14,0.91,10.2485,high,RT,muscle-skeletal,-0.13606154957602837,3.3573408630647803
ENSG00000170162.14,5.234999999999999,10.146,high,RT,muscle-skeletal,2.3881895371560837,3.3428391604690524
ENSG00000167393.18,0.74,10.1145,high,RT,muscle-skeletal,-0.4344028241457749,3.338353098387148
ENSG00000136270.14,1.04,10.0955,high,RT,muscle-skeletal,0.056583528366367514,3.3356404597080167
ENSG00000108878.5,3.625,10.0245,high,RT,muscle-skeletal,1.857980995127572,3.3254583749082305
ENSG00000082146.13,0.67,9.985,high,RT,muscle-skeletal,-0.5777669993169522,3.319762427669248
ENSG00000013275.8,2.38,9.69,high,RT,muscle-skeletal,1.2509615735332187,3.2764966656403565
ENSG00000176435.7,0.53,9.4965,high,RT,muscle-skeletal,-0.9159357352115255,3.2473958962825034
ENSG00000170027.7,1.19,9.4755,high,RT,muscle-skeletal,0.25096157353321874,3.244202072939476
ENSG00000185022.12,1.53,9.401,high,RT,muscle-skeletal,0.6135316529179271,3.2328142268229594
ENSG00000166295.9,0.68,9.3755,high,RT,muscle-skeletal,-0.5563933485243852,3.228895632179635
ENSG00000142864.15,0.33,9.3435,high,RT,muscle-skeletal,-1.5994620704162712,3.2239630731454896
ENSG00000240583.14,0.495,9.3235,high,RT,muscle-skeletal,-1.0144995696951151,3.220871637793432
ENSG00000108669.16,0.6,9.2395,high,RT,muscle-skeletal,-0.7369655941662062,3.2078147816155616
ENSG00000127528.6,0.365,9.215,high,RT,muscle-skeletal,-1.4540316308947074,3.2039841658559887
ENSG00000144115.18,0.64,9.2,high,RT,muscle-skeletal,-0.6438561897747247,3.2016338611696504
ENSG00000165526.9,0.93,9.1155,high,RT,muscle-skeletal,-0.10469737866669324,3.1883217926041287
ENSG00000108349.17,1.09,9.1055,high,RT,muscle-skeletal,0.12432813500220177,3.186738240454701
ENSG00000008282.9,1.165,9.098,high,RT,muscle-skeletal,0.2203299548795556,3.1855494346295674
ENSG00000186439.14,1.78,8.988999999999999,high,RT,muscle-skeletal,0.8318772411916731,3.1681606290561053
ENSG00000231587.1,4.14,8.923,high,RT,muscle-skeletal,2.0496307677246004,3.1575288399066572
ENSG00000285938.1,0.19,8.899,high,RT,muscle-skeletal,-2.395928676331139,3.1536432264051877
ENSG00000116288.13,0.6,8.851500000000001,high,RT,muscle-skeletal,-0.7369655941662062,3.145921959058756
ENSG00000168159.14,0.31,8.849499999999999,high,RT,muscle-skeletal,-1.6896598793878495,3.1455959446986563
ENSG00000133275.16,0.65,8.826,high,RT,muscle-skeletal,-0.6214883767462701,3.141759747313899
ENSG00000057757.10,0.92,8.808499999999999,high,RT,muscle-skeletal,-0.12029423371771177,3.1388963634353204
ENSG00000170144.21,0.395,8.729000000000001,high,RT,muscle-skeletal,-1.3400754415976217,3.1258163872251874
ENSG00000163660.12,0.32,8.722999999999999,high,RT,muscle-skeletal,-1.6438561897747246,3.1248243896791883
ENSG00000070159.14,0.44,8.683,high,RT,muscle-skeletal,-1.1844245711374275,3.118193583839568
ENSG00000185825.17,1.06,8.655999999999999,high,RT,muscle-skeletal,0.08406426478847456,3.113700499164728
ENSG00000143799.14,0.24,8.5735,high,RT,muscle-skeletal,-2.0588936890535687,3.0998842827305495
ENSG00000109332.20,0.53,8.543,high,RT,muscle-skeletal,-0.9159357352115255,3.0947427823865556
ENSG00000177383.5,0.7,8.5275,high,RT,muscle-skeletal,-0.5145731728297583,3.0921228498386792
ENSG00000079999.14,4.44,8.393,high,RT,muscle-skeletal,2.1505596765753814,3.069186580809741
ENSG00000104848.1,3.945,8.371,high,RT,muscle-skeletal,1.9800253002387338,3.065399977478756
ENSG00000023191.17,1.66,8.3055,high,RT,muscle-skeletal,0.7311832415721999,3.0540670225894653
ENSG00000090006.18,1.275,8.261,high,RT,muscle-skeletal,0.35049724708413316,3.046316431489482
ENSG00000092931.11,0.33,8.233,high,RT,muscle-skeletal,-1.5994620704162712,3.041418226087656
ENSG00000164924.18,0.31,8.232,high,RT,muscle-skeletal,-1.6896598793878495,3.041242982231881
ENSG00000120963.12,0.685,8.220500000000001,high,RT,muscle-skeletal,-0.5458241068141979,3.0392261464109174
ENSG00000224051.7,0.755,8.1225,high,RT,muscle-skeletal,-0.40545145044964576,3.0219238385547587
ENSG00000197043.14,0.955,8.079,high,RT,muscle-skeletal,-0.06642736173897607,3.014176730560741
ENSG00000131791.8,1.66,8.065999999999999,high,RT,muscle-skeletal,0.7311832415721999,3.011853405743789
ENSG00000167693.17,1.525,8.0115,high,RT,muscle-skeletal,0.6088092426755238,3.002072384951204
ENSG00000007314.12,1.3250000000000002,7.9695,high,RT,muscle-skeletal,0.405992359675837,2.9944892135321397
ENSG00000185271.9,0.52,7.967,high,RT,muscle-skeletal,-0.9434164716336325,2.9940365749186664
ENSG00000136813.14,0.43,7.9305,high,RT,muscle-skeletal,-1.2175914350726267,2.987411827440011
ENSG00000224877.4,1.935,7.923500000000001,high,RT,muscle-skeletal,0.9523335663696857,2.9861378440992175
ENSG00000138668.19,0.44,7.904,high,RT,muscle-skeletal,-1.1844245711374275,2.9825829469225904
ENSG00000121579.13,1.12,7.8885,high,RT,muscle-skeletal,0.16349873228287956,2.9797509975397634
ENSG00000158042.9,0.26,7.882999999999999,high,RT,muscle-skeletal,-1.9434164716336324,2.9787447745366817
ENSG00000079246.16,1.06,7.868,high,RT,muscle-skeletal,0.08406426478847456,2.9759969576164433
ENSG00000254343.2,1.95,7.839,high,RT,muscle-skeletal,0.963474123974886,2.97066962537909
ENSG00000108826.16,1.04,7.784499999999999,high,RT,muscle-skeletal,0.056583528366367514,2.9606043776876008
ENSG00000148672.9,0.445,7.7225,high,RT,muscle-skeletal,-1.168122758808327,2.949067965852913
ENSG00000147872.10,2.065,7.702999999999999,high,RT,muscle-skeletal,1.0461417816447207,2.945420425315089
ENSG00000146963.18,0.67,7.6935,high,RT,muscle-skeletal,-0.5777669993169522,2.943640072036387
ENSG00000115414.21,0.565,7.692,high,RT,muscle-skeletal,-0.8236772273595371,2.94335876267781
ENSG00000260398.1,1.0,7.6835,high,RT,muscle-skeletal,0.0,2.9417636393846736
ENSG00000181924.7,0.82,7.645,high,RT,muscle-skeletal,-0.2863041851566411,2.93451650158608
ENSG00000123992.20,0.415,7.6395,high,RT,muscle-skeletal,-1.2688167584278,2.9334782179566026
ENSG00000173692.14,0.22,7.633,high,RT,muscle-skeletal,-2.1844245711374275,2.9322501913293992
ENSG00000120885.22,0.29,7.512,high,RT,muscle-skeletal,-1.7858751946471527,2.9091970629916872
ENSG00000119929.13,5.15,7.484500000000001,high,RT,muscle-skeletal,2.3645724322958563,2.903905940650476
ENSG00000181817.6,0.31,7.481,high,RT,muscle-skeletal,-1.6896598793878495,2.903231130890004
ENSG00000144674.16,0.78,7.470999999999999,high,RT,muscle-skeletal,-0.3584539709124763,2.9013013619547494
ENSG00000225663.8,0.52,7.4595,high,RT,muscle-skeletal,-0.9434164716336325,2.899078931861831
ENSG00000183520.12,0.36,7.457000000000001,high,RT,muscle-skeletal,-1.4739311883324124,2.8985953415241523
ENSG00000198843.13,0.39,7.448,high,RT,muscle-skeletal,-1.3584539709124763,2.8968530728967066
ENSG00000288670.1,0.43,7.4335,high,RT,muscle-skeletal,-1.2175914350726267,2.894041651371594
ENSG00000174307.7,0.325,7.400499999999999,high,RT,muscle-skeletal,-1.6214883767462702,2.8876227468431677
ENSG00000108179.14,1.15,7.3835,high,RT,muscle-skeletal,0.2016338611696504,2.884304859058416
ENSG00000130560.9,2.05,7.2905,high,RT,muscle-skeletal,1.0356239097307212,2.8660177614361637
ENSG00000095066.12,0.52,7.268000000000001,high,RT,muscle-skeletal,-0.9434164716336325,2.8615584195720287
ENSG00000145919.11,0.265,7.229,high,RT,muscle-skeletal,-1.9159357352115254,2.853796090492917
ENSG00000149257.16,0.545,7.228,high,RT,muscle-skeletal,-0.8756718649977983,2.8535965062025124
ENSG00000229659.1,5.99,7.177,high,RT,muscle-skeletal,2.582556003014061,2.8433809207097935
ENSG00000131196.18,0.54,7.1745,high,RT,muscle-skeletal,-0.888968687611256,2.842878292045375
ENSG00000134440.12,1.0550000000000002,7.1005,high,RT,muscle-skeletal,0.07724299893246066,2.827920619282401
ENSG00000174429.4,1.18,7.098,high,RT,muscle-skeletal,0.23878685958711648,2.8274125743988576
ENSG00000078674.18,6.985,7.0975,high,RT,muscle-skeletal,2.8042601156347384,2.827310943949667
ENSG00000129152.4,1.81,7.087999999999999,high,RT,muscle-skeletal,0.8559896973084807,2.825378603892931
ENSG00000110696.10,0.28,7.0745000000000005,high,RT,muscle-skeletal,-1.8365012677171204,2.822628187094915
ENSG00000108821.14,0.39,7.07,high,RT,muscle-skeletal,-1.3584539709124763,2.821710215034674
ENSG00000116679.16,0.32,7.048,high,RT,muscle-skeletal,-1.6438561897747246,2.8172139242583265
ENSG00000175445.17,4.96,7.031000000000001,high,RT,muscle-skeletal,2.3103401206121505,2.8137298944814138
ENSG00000089351.15,0.62,7.029999999999999,high,RT,muscle-skeletal,-0.6896598793878495,2.8135246892978105
ENSG00000170525.21,0.665,6.986000000000001,high,RT,muscle-skeletal,-0.588573754273535,2.804466642732778
ENSG00000132463.14,0.47,6.962,high,RT,muscle-skeletal,-1.0892673380970874,2.7995018140615953
ENSG00000155313.15,0.45,6.873,high,RT,muscle-skeletal,-1.15200309344505,2.780939959363744
ENSG00000078808.19,0.73,6.855,high,RT,muscle-skeletal,-0.4540316308947075,2.777156666004501
ENSG00000099260.11,0.54,6.85,high,RT,muscle-skeletal,-0.888968687611256,2.776103988073164
ENSG00000140750.17,0.515,6.8415,high,RT,muscle-skeletal,-0.9573556625915063,2.7743126709168235
ENSG00000138363.15,0.55,6.756,high,RT,muscle-skeletal,-0.862496476250065,2.7561693281392987
ENSG00000255874.2,0.36,6.725,high,RT,muscle-skeletal,-1.4739311883324124,2.7495342676692616
ENSG00000169715.15,10.22,6.666,high,RT,muscle-skeletal,3.3533232911628965,2.736821317448161
ENSG00000023228.14,0.71,6.656000000000001,high,RT,muscle-skeletal,-0.4941090702700427,2.734655433479005
ENSG00000164056.11,0.515,6.5280000000000005,high,RT,muscle-skeletal,-0.9573556625915063,2.7066410573094086
ENSG00000064545.15,0.25,6.5105,high,RT,muscle-skeletal,-2.0,2.702768345206632
ENSG00000136444.10,1.2,6.5055,high,RT,muscle-skeletal,0.2630344058337938,2.7016599439221722
ENSG00000162783.11,0.47,6.4915,high,RT,muscle-skeletal,-1.0892673380970874,2.698551882310377
ENSG00000126107.15,1.97,6.461,high,RT,muscle-skeletal,0.9781956296816515,2.691757475041291
ENSG00000134453.16,1.44,6.4015,high,RT,muscle-skeletal,0.5260688116675876,2.6784099971442337
ENSG00000124743.6,2.07,6.378500000000001,high,RT,muscle-skeletal,1.0496307677246004,2.673217192486237
ENSG00000166938.13,0.39,6.18,high,RT,muscle-skeletal,-1.3584539709124763,2.62760683812965
ENSG00000168288.13,1.085,6.1385000000000005,high,RT,muscle-skeletal,0.11769504266975457,2.6178861626081846
ENSG00000141034.10,0.39,6.121,high,RT,muscle-skeletal,-1.3584539709124763,2.613767368144477
ENSG00000116984.15,0.315,6.044500000000001,high,RT,muscle-skeletal,-1.6665762662748083,2.5956230049244415
ENSG00000135636.14,1.0,6.0375,high,RT,muscle-skeletal,0.0,2.5939512839484107
ENSG00000102753.10,0.84,6.0345,high,RT,muscle-skeletal,-0.25153876699596445,2.5932342386846994
ENSG00000103429.11,0.41,6.016,high,RT,muscle-skeletal,-1.286304185156641,2.58880456701555
ENSG00000288681.1,1.6549999999999998,5.984999999999999,high,RT,muscle-skeletal,0.7268312170324929,2.581351247168777
ENSG00000176171.11,0.315,5.978,high,RT,muscle-skeletal,-1.6665762662748083,2.5796628970160076
ENSG00000143847.15,0.5700000000000001,5.9045000000000005,high,RT,muscle-skeletal,-0.8109661756099829,2.561814895683083
ENSG00000107929.15,0.32,5.8955,high,RT,muscle-skeletal,-1.6438561897747246,2.5596141740075278
ENSG00000164880.16,0.73,5.8635,high,RT,muscle-skeletal,-0.4540316308947075,2.55176208534836
ENSG00000128590.5,0.51,5.859999999999999,high,RT,muscle-skeletal,-0.9714308478032291,2.550900664647523
ENSG00000185761.11,0.51,5.8420000000000005,high,RT,muscle-skeletal,-0.9714308478032291,2.546462358167092
ENSG00000197616.13,0.215,5.833,high,RT,muscle-skeletal,-2.217591435072627,2.5442380741516777
ENSG00000123066.9,0.72,5.802,high,RT,muscle-skeletal,-0.4739311883324124,2.53655029553591
ENSG00000103353.16,1.085,5.7965,high,RT,muscle-skeletal,0.11769504266975457,2.5351820456208967
ENSG00000070423.18,0.61,5.746,high,RT,muscle-skeletal,-0.7131188522118385,2.522557992870437
ENSG00000154930.15,1.19,5.7305,high,RT,muscle-skeletal,0.25096157353321874,2.518661023109557
ENSG00000076555.15,1.35,5.6945,high,RT,muscle-skeletal,0.43295940727610627,2.5095691730680447
ENSG00000071626.17,0.8,5.626,high,RT,muscle-skeletal,-0.3219280948873623,2.4921095526526127
ENSG00000175137.11,1.2,5.622000000000001,high,RT,muscle-skeletal,0.2630344058337938,2.491083453718256
ENSG00000225613.2,0.3349999999999999,5.621,high,RT,muscle-skeletal,-1.5777669993169527,2.4908268149128316
ENSG00000110799.14,1.05,5.5985,high,RT,muscle-skeletal,0.070389327891398,2.485040339234487
ENSG00000113621.15,0.29,5.568,high,RT,muscle-skeletal,-1.7858751946471527,2.477159211186641
ENSG00000116044.16,0.28,5.5535,high,RT,muscle-skeletal,-1.8365012677171204,2.473397292390442
ENSG00000104325.7,0.82,5.495,high,RT,muscle-skeletal,-0.2863041851566411,2.4581194811745064
ENSG00000004779.10,0.69,5.473,high,RT,muscle-skeletal,-0.5353317329965558,2.4523318565454013
ENSG00000145391.14,0.32,5.4685,high,RT,muscle-skeletal,-1.6438561897747246,2.451145158551516
ENSG00000179922.6,0.69,5.462,high,RT,muscle-skeletal,-0.5353317329965558,2.4494293141031993
ENSG00000115875.19,0.485,5.4295,high,RT,muscle-skeletal,-1.043943347587597,2.440819347065789
ENSG00000159592.11,0.45,5.423500000000001,high,RT,muscle-skeletal,-1.15200309344505,2.439224180544604
ENSG00000110315.7,0.6,5.413,high,RT,muscle-skeletal,-0.7369655941662062,2.4364283880525552
ENSG00000153531.13,2.01,5.356,high,RT,muscle-skeletal,1.0071955014042038,2.4211559606622233
ENSG00000141664.10,0.41,5.328,high,RT,muscle-skeletal,-1.286304185156641,2.4135940824091753
ENSG00000175467.15,0.2,5.287,high,RT,muscle-skeletal,-2.321928094887362,2.402449326718855
ENSG00000278970.2,0.25,5.2275,high,RT,muscle-skeletal,-2.0,2.3861211568148546
ENSG00000107758.16,0.33,5.214,high,RT,muscle-skeletal,-1.5994620704162712,2.3823905828734695
ENSG00000006704.11,0.51,5.208500000000001,high,RT,muscle-skeletal,-0.9714308478032291,2.3808679494435956
ENSG00000011485.15,0.41,5.196999999999999,high,RT,muscle-skeletal,-1.286304185156641,2.377679059005815
ENSG00000163069.13,1.07,5.1745,high,RT,muscle-skeletal,0.09761079662642233,2.3714194650524663
ENSG00000147164.12,0.56,5.16,high,RT,muscle-skeletal,-0.8365012677171204,2.3673710656485296
ENSG00000011638.11,1.15,5.146,high,RT,muscle-skeletal,0.2016338611696504,2.363451457071713
ENSG00000012817.16,0.61,5.11,high,RT,muscle-skeletal,-0.7131188522118385,2.3533232911628965
ENSG00000171824.14,0.27,5.0875,high,RT,muscle-skeletal,-1.8889686876112561,2.346956889378885
ENSG00000066117.15,0.33,5.0835,high,RT,muscle-skeletal,-1.5994620704162712,2.3458221375430632
ENSG00000119912.18,0.32,5.079000000000001,high,RT,muscle-skeletal,-1.6438561897747246,2.344544473954711
ENSG00000188338.15,0.21,5.059,high,RT,muscle-skeletal,-2.2515387669959646,2.338852239145184
ENSG00000113712.19,0.48,5.0565,high,RT,muscle-skeletal,-1.0588936890535685,2.3381391280432795
ENSG00000238227.8,0.515,5.0280000000000005,high,RT,muscle-skeletal,-0.9573556625915063,2.329984649758421
ENSG00000100348.10,3.25,4.9605,high,RT,muscle-skeletal,1.7004397181410922,2.3104855462501837
ENSG00000126947.13,0.46,4.9165,high,RT,muscle-skeletal,-1.1202942337177118,2.297631642895129
ENSG00000184588.18,5.82,4.904,high,RT,muscle-skeletal,2.541019153133559,2.2939589790286945
ENSG00000155115.7,2.31,4.894,high,RT,muscle-skeletal,1.207892851641333,2.2910141014173027
ENSG00000234438.5,0.56,4.893,high,RT,muscle-skeletal,-0.8365012677171204,2.2907192827709535
ENSG00000010244.19,0.28,4.8895,high,RT,muscle-skeletal,-1.8365012677171204,2.28968694280498
ENSG00000279069.1,0.43,4.882,high,RT,muscle-skeletal,-1.2175914350726267,2.2874722951190667
ENSG00000119318.13,0.53,4.867,high,RT,muscle-skeletal,-0.9159357352115255,2.283032774616415
ENSG00000148296.7,0.28,4.8455,high,RT,muscle-skeletal,-1.8365012677171204,2.276645542895624
ENSG00000162913.10,0.24,4.8115,high,RT,muscle-skeletal,-2.0588936890535687,2.266486728756813
ENSG00000065548.18,0.52,4.8025,high,RT,muscle-skeletal,-0.9434164716336325,2.2637856138908026
ENSG00000170955.10,0.92,4.785,high,RT,muscle-skeletal,-0.12029423371771177,2.258518924711301
ENSG00000188895.12,0.425,4.766,high,RT,muscle-skeletal,-1.234465253637023,2.252778951528184
ENSG00000114626.18,0.74,4.707000000000001,high,RT,muscle-skeletal,-0.4344028241457749,2.234807853027167
ENSG00000067365.15,0.33,4.704000000000001,high,RT,muscle-skeletal,-1.5994620704162712,2.2338880601742774
ENSG00000104835.15,0.48,4.65,high,RT,muscle-skeletal,-1.0588936890535685,2.2172307162206693
ENSG00000106610.15,1.46,4.6495,high,RT,muscle-skeletal,0.5459683691052925,2.217075579380809
ENSG00000160087.21,0.27,4.6415,high,RT,muscle-skeletal,-1.8889686876112561,2.214591118466067
ENSG00000008018.9,5.23,4.6265,high,RT,muscle-skeletal,2.3868109464722167,2.2099211908638408
ENSG00000198736.12,0.99,4.603,high,RT,muscle-skeletal,-0.014499569695115089,2.202574442561799
ENSG00000164091.12,0.88,4.5905000000000005,high,RT,muscle-skeletal,-0.18442457113742744,2.1986513014025295
ENSG00000125810.10,0.52,4.5845,high,RT,muscle-skeletal,-0.9434164716336325,2.196764397537837
ENSG00000111897.7,1.835,4.568,high,RT,muscle-skeletal,0.8757800630684881,2.1915626507007557
ENSG00000153443.13,0.61,4.523,high,RT,muscle-skeletal,-0.7131188522118385,2.177279995969324
ENSG00000286452.1,0.87,4.518,high,RT,muscle-skeletal,-0.2009126939259964,2.175684270730997
ENSG00000167799.10,0.49,4.511,high,RT,muscle-skeletal,-1.0291463456595165,2.1734472860572662
ENSG00000151093.8,0.51,4.5045,high,RT,muscle-skeletal,-0.9714308478032291,2.171366975616219
ENSG00000205138.4,0.41,4.4465,med,RT,muscle-skeletal,-1.286304185156641,2.1526701856482777
ENSG00000074181.9,0.39,4.4375,med,RT,muscle-skeletal,-1.3584539709124763,2.1497471195046822
ENSG00000175662.18,0.7,4.422000000000001,med,RT,muscle-skeletal,-0.5145731728297583,2.144699025154139
ENSG00000159674.12,0.43,4.416,med,RT,muscle-skeletal,-1.2175914350726267,2.142740172116082
ENSG00000173039.19,0.89,4.415,med,RT,muscle-skeletal,-0.16812275880832692,2.142413437873741
ENSG00000105953.15,2.43,4.411,med,RT,muscle-skeletal,1.2809563138310562,2.1411057604301305
ENSG00000179344.16,0.35,4.393,med,RT,muscle-skeletal,-1.5145731728297582,2.1352064994306743
ENSG00000139405.16,0.43,4.375,med,RT,muscle-skeletal,-1.2175914350726267,2.1292830169449664
ENSG00000135387.21,0.36,4.357,med,RT,muscle-skeletal,-1.4739311883324124,2.1233351132530807
ENSG00000113407.14,0.65,4.354,med,RT,muscle-skeletal,-0.6214883767462701,2.1223414075261195
ENSG00000166949.17,0.62,4.3055,med,RT,muscle-skeletal,-0.6896598793878495,2.1061807882919426
ENSG00000273033.2,0.44,4.3005,med,RT,muscle-skeletal,-1.1844245711374275,2.104504405299593
ENSG00000143499.14,1.4,4.2835,med,RT,muscle-skeletal,0.48542682717024166,2.098790088487057
ENSG00000144357.18,0.69,4.279,med,RT,muscle-skeletal,-0.5353317329965558,2.097273678961402
ENSG00000185880.13,0.55,4.2705,med,RT,muscle-skeletal,-0.862496476250065,2.094404993801335
ENSG00000015153.15,0.44,4.2705,med,RT,muscle-skeletal,-1.1844245711374275,2.094404993801335
ENSG00000148308.18,0.865,4.27,med,RT,muscle-skeletal,-0.20922796213800007,2.0942360698457656
ENSG00000075568.17,0.68,4.2605,med,RT,muscle-skeletal,-0.5563933485243852,2.0910227509185213
ENSG00000163995.21,1.75,4.244,med,RT,muscle-skeletal,0.8073549220576041,2.0854246562526777
ENSG00000088888.18,0.32,4.222,med,RT,muscle-skeletal,-1.6438561897747246,2.077926578685069
ENSG00000101187.16,0.25,4.213,med,RT,muscle-skeletal,-2.0,2.0748479159001674
ENSG00000164530.15,1.085,4.2115,med,RT,muscle-skeletal,0.11769504266975457,2.0743341661027426
ENSG00000088833.18,0.69,4.2105,med,RT,muscle-skeletal,-0.5353317329965558,2.0739915645715934
ENSG00000147416.11,0.335,4.191,med,RT,muscle-skeletal,-1.577766999316952,2.0672945214685323
ENSG00000115592.11,0.69,4.188000000000001,med,RT,muscle-skeletal,-0.5353317329965558,2.0662614422687215
ENSG00000101181.18,0.52,4.179,med,RT,muscle-skeletal,-0.9434164716336325,2.063157758660322
ENSG00000198692.10,0.27,4.175,med,RT,muscle-skeletal,-1.8889686876112561,2.0617761975866897
ENSG00000106636.9,0.47,4.1690000000000005,med,RT,muscle-skeletal,-1.0892673380970874,2.0597013721463022
ENSG00000184216.14,2.08,4.157500000000001,med,RT,muscle-skeletal,1.0565835283663676,2.0557162635125446
ENSG00000136807.14,0.375,4.146,med,RT,muscle-skeletal,-1.415037499278844,2.0517201164473278
ENSG00000029363.17,0.4,4.134499999999999,med,RT,muscle-skeletal,-1.3219280948873622,2.0477128696296174
ENSG00000169223.15,0.56,4.109999999999999,med,RT,muscle-skeletal,-0.8365012677171204,2.039138393906958
ENSG00000168958.20,0.58,4.095,med,RT,muscle-skeletal,-0.7858751946471527,2.0338634518662837
ENSG00000130303.14,0.42,4.087,med,RT,muscle-skeletal,-1.2515387669959646,2.0310422433585718
ENSG00000122515.15,0.48,4.0795,med,RT,muscle-skeletal,-1.0588936890535685,2.0283923404996456
ENSG00000101892.12,1.0,4.051,med,RT,muscle-skeletal,0.0,2.01827808502435
ENSG00000091482.8,6.63,4.044499999999999,med,RT,muscle-skeletal,2.729008870337863,2.015961360972488
ENSG00000203666.12,0.23,4.032500000000001,med,RT,muscle-skeletal,-2.1202942337177118,2.0116745333809183
ENSG00000198836.11,0.28,4.0325,med,RT,muscle-skeletal,-1.8365012677171204,2.011674533380918
ENSG00000104231.11,0.22,4.0095,med,RT,muscle-skeletal,-2.1844245711374275,2.003422338302147
ENSG00000077044.11,0.76,3.997,med,RT,muscle-skeletal,-0.3959286763311392,1.99891757275836
ENSG00000171861.11,0.59,3.996,med,RT,muscle-skeletal,-0.7612131404128835,1.9985565831303314
ENSG00000048544.6,0.68,3.9915,med,RT,muscle-skeletal,-0.5563933485243852,1.9969310110812892
ENSG00000135063.19,1.25,3.989,med,RT,muscle-skeletal,0.32192809488736235,1.9960271234250762
ENSG00000237781.3,0.32,3.985,med,RT,muscle-skeletal,-1.6438561897747246,1.994579724215747
ENSG00000173432.12,23.73,3.9625,med,RT,muscle-skeletal,4.568640195419223,1.986410935252045
ENSG00000148730.7,0.71,3.9535,med,RT,muscle-skeletal,-0.4941090702700427,1.9831304246500723
ENSG00000206422.2,1.21,3.926,med,RT,muscle-skeletal,0.27500704749986976,1.9730601728040842
ENSG00000154122.14,0.28,3.9225,med,RT,muscle-skeletal,-1.8365012677171204,1.9717734471933728
ENSG00000166289.6,1.43,3.889,med,RT,muscle-skeletal,0.5160151470036647,1.9593992347721212
ENSG00000113240.13,0.36,3.872,med,RT,muscle-skeletal,-1.4739311883324124,1.9530789526125074
ENSG00000135766.9,1.94,3.866,med,RT,muscle-skeletal,0.9560566524124029,1.9508416375491486
ENSG00000173726.11,0.88,3.8655,med,RT,muscle-skeletal,-0.18442457113742744,1.9506550379186889
ENSG00000250899.3,2.63,3.8425,med,RT,muscle-skeletal,1.3950627995175775,1.9420452599160465
ENSG00000280323.1,0.86,3.842,med,RT,muscle-skeletal,-0.21759143507262677,1.9418575190034402
ENSG00000138347.16,6.27,3.825,med,RT,muscle-skeletal,2.6484654430273142,1.9354597478052895
ENSG00000111321.11,0.585,3.817,med,RT,muscle-skeletal,-0.7734914701913203,1.9324391865534711
ENSG00000123836.15,0.3,3.817,med,RT,muscle-skeletal,-1.7369655941662063,1.9324391865534711
ENSG00000073921.18,0.32,3.798,med,RT,muscle-skeletal,-1.6438561897747246,1.9252399054874105
ENSG00000203883.7,0.28,3.768,med,RT,muscle-skeletal,-1.8365012677171204,1.9137989649506961
ENSG00000179820.16,0.74,3.758,med,RT,muscle-skeletal,-0.4344028241457749,1.9099650667579684
ENSG00000068001.14,0.405,3.756,med,RT,muscle-skeletal,-1.3040061868900998,1.9091970629916875
ENSG00000161835.11,0.43,3.743,med,RT,muscle-skeletal,-1.2175914350726267,1.9041950482378747
ENSG00000150401.15,1.08,3.7265,med,RT,muscle-skeletal,0.11103131238874395,1.8978212596593633
ENSG00000075426.12,0.88,3.71,med,RT,muscle-skeletal,-0.18442457113742744,1.8914191868460786
ENSG00000198171.13,0.65,3.707,med,RT,muscle-skeletal,-0.6214883767462701,1.8902521151570686
ENSG00000137193.14,2.63,3.691,med,RT,muscle-skeletal,1.3950627995175775,1.8840117375835215
ENSG00000165269.13,0.635,3.65,med,RT,muscle-skeletal,-0.6551715030025588,1.8678964639926547
ENSG00000259494.2,1.28,3.6455,med,RT,muscle-skeletal,0.35614381022527536,1.8661167015343332
ENSG00000075826.17,0.495,3.6325,med,RT,muscle-skeletal,-1.0144995696951151,1.8609627978581165
ENSG00000181873.13,0.71,3.621,med,RT,muscle-skeletal,-0.4941090702700427,1.8563881768140906
ENSG00000185236.12,0.97,3.607,med,RT,muscle-skeletal,-0.043943347587597055,1.8507994231254834
ENSG00000187954.13,0.48,3.591,med,RT,muscle-skeletal,-1.0588936890535685,1.844385653002571
ENSG00000141753.7,2.2350000000000003,3.5900000000000003,med,RT,muscle-skeletal,1.1602748314085933,1.8439838440483267
ENSG00000198815.9,0.875,3.5890000000000004,med,RT,muscle-skeletal,-0.19264507794239588,1.8435819231539905
ENSG00000234518.2,1.415,3.579,med,RT,muscle-skeletal,0.5008020530571576,1.8395565437542973
ENSG00000205678.8,0.29,3.568,med,RT,muscle-skeletal,-1.7858751946471527,1.8351156152582178
ENSG00000075292.19,0.78,3.5650000000000004,med,RT,muscle-skeletal,-0.3584539709124763,1.8339020766691636
ENSG00000155096.14,0.31,3.564,med,RT,muscle-skeletal,-1.6896598793878495,1.833497336859835
ENSG00000147457.14,0.615,3.5265000000000004,med,RT,muscle-skeletal,-0.7013416844354848,1.8182370397120906
ENSG00000154415.8,13.53,3.523,med,RT,muscle-skeletal,3.7580899342018124,1.8168044748328767
ENSG00000174953.14,0.31,3.522,med,RT,muscle-skeletal,-1.6896598793878495,1.8163949091691212
ENSG00000148719.15,0.46,3.5025000000000004,med,RT,muscle-skeletal,-1.1202942337177118,1.8083850506560935
ENSG00000179604.10,0.65,3.4965,med,RT,muscle-skeletal,-0.6214883767462701,1.8059115051879355
ENSG00000236208.1,4.885,3.4755000000000003,med,RT,muscle-skeletal,2.2883585621936606,1.797220544923891
ENSG00000162076.13,0.5,3.4725,med,RT,muscle-skeletal,-1.0,1.7959746942066679
ENSG00000253286.6,0.24,3.4695,med,RT,muscle-skeletal,-2.0588936890535687,1.7947277666952597
ENSG00000155760.3,0.36,3.456,med,RT,muscle-skeletal,-1.4739311883324124,1.7891032175013815
ENSG00000183576.13,1.61,3.444,med,RT,muscle-skeletal,0.6870606883398924,1.7840851427347568
ENSG00000124226.11,1.22,3.4115,med,RT,muscle-skeletal,0.28688114778816154,1.7704062162988397
ENSG00000164751.15,0.235,3.4095000000000004,med,RT,muscle-skeletal,-2.089267338097087,1.7695601848769171
ENSG00000168872.17,0.61,3.403,med,RT,muscle-skeletal,-0.7131188522118385,1.7668071513029213
ENSG00000173614.14,0.48,3.398,med,RT,muscle-skeletal,-1.0588936890535685,1.7646858525221336
ENSG00000086589.12,0.46,3.392,med,RT,muscle-skeletal,-1.1202942337177118,1.762136169901112
ENSG00000003402.20,0.62,3.3915,med,RT,muscle-skeletal,-0.6896598793878495,1.7619234928105982
ENSG00000136271.11,1.465,3.3685,med,RT,muscle-skeletal,0.5509006646475233,1.7521062993251935
ENSG00000119421.7,2.83,3.363,med,RT,muscle-skeletal,1.5008020530571577,1.7497487788644959
ENSG00000151498.12,0.6799999999999999,3.3405,med,RT,muscle-skeletal,-0.5563933485243854,1.7400640588468588
ENSG00000122547.11,0.725,3.3405,med,RT,muscle-skeletal,-0.46394709975979026,1.7400640588468588
ENSG00000149596.7,0.8,3.337,med,RT,muscle-skeletal,-0.3219280948873623,1.7385516865202324
ENSG00000176845.13,0.33,3.329,med,RT,muscle-skeletal,-1.5994620704162712,1.7350888704781762
ENSG00000252051.1,1.28,3.329,med,RT,muscle-skeletal,0.35614381022527536,1.7350888704781762
ENSG00000123739.11,0.4,3.316,med,RT,muscle-skeletal,-1.3219280948873622,1.7294440068336632
ENSG00000139842.15,0.24,3.3150000000000004,med,RT,muscle-skeletal,-2.0588936890535687,1.7290088703378632
ENSG00000101558.14,0.25,3.295,med,RT,muscle-skeletal,-2.0,1.720278465233327
ENSG00000135090.14,0.39,3.293,med,RT,muscle-skeletal,-1.3584539709124763,1.7194025119332605
ENSG00000160799.11,0.5,3.2785,med,RT,muscle-skeletal,-1.0,1.7130358948619406
ENSG00000128274.17,0.46,3.2635,med,RT,muscle-skeletal,-1.1202942337177118,1.7064200393019462
ENSG00000138381.10,0.8,3.2605,med,RT,muscle-skeletal,-0.3219280948873623,1.7050932197348923
ENSG00000111799.22,1.53,3.2565,med,RT,muscle-skeletal,0.6135316529179271,1.7033222266742134
ENSG00000123933.17,0.34,3.256,med,RT,muscle-skeletal,-1.5563933485243853,1.70310069960416
ENSG00000163827.13,0.78,3.253,med,RT,muscle-skeletal,-0.3584539709124763,1.7017708223790449
ENSG00000143353.12,0.3349999999999999,3.2495000000000003,med,RT,muscle-skeletal,-1.5777669993169527,1.700217747982813
ENSG00000132467.4,0.7,3.2375,med,RT,muscle-skeletal,-0.5145731728297583,1.6948801927991914
ENSG00000151552.12,0.31,3.2225,med,RT,muscle-skeletal,-1.6896598793878495,1.6881803585869264
ENSG00000278156.2,0.42,3.212,med,RT,muscle-skeletal,-1.2515387669959646,1.6834718928552275
ENSG00000160194.18,0.4,3.205,med,RT,muscle-skeletal,-1.3219280948873622,1.6803243568440163
ENSG00000213928.9,0.48,3.2035,med,RT,muscle-skeletal,-1.0588936890535685,1.6796489905021725
ENSG00000096060.15,1.755,3.196,med,RT,muscle-skeletal,0.8114710305298359,1.6762674082658897
ENSG00000100731.16,0.58,3.175,med,RT,muscle-skeletal,-0.7858751946471527,1.6667565918848035
ENSG00000180992.7,0.365,3.164,med,RT,muscle-skeletal,-1.4540316308947074,1.6617495998107048
ENSG00000112996.11,0.88,3.155,med,RT,muscle-skeletal,-0.18442457113742744,1.6576400052078242
ENSG00000126217.21,0.24,3.0805,med,RT,muscle-skeletal,-2.0588936890535687,1.6231645356525939
ENSG00000002586.20,1.0,3.0780000000000003,med,RT,muscle-skeletal,0.0,1.6219932316661234
ENSG00000107185.10,1.75,3.06,med,RT,muscle-skeletal,0.8073549220576041,1.613531652917927
ENSG00000163882.9,0.4,3.0415,med,RT,muscle-skeletal,-1.3219280948873622,1.6047830042099174
ENSG00000164736.6,0.4499999999999999,3.031,med,RT,muscle-skeletal,-1.1520030934450503,1.5997938521222421
ENSG00000155287.11,1.73,3.026,med,RT,muscle-skeletal,0.7907720378619999,1.59741198755465
ENSG00000214087.9,0.415,3.0175,med,RT,muscle-skeletal,-1.2688167584278,1.5933537709802967
ENSG00000100280.17,0.44,3.013,med,RT,muscle-skeletal,-1.1844245711374275,1.591200672932376
ENSG00000113719.16,0.675,3.0090000000000003,med,RT,muscle-skeletal,-0.5670405927238937,1.58928410667125
ENSG00000053371.13,0.95,3.008,med,RT,muscle-skeletal,-0.07400058144377693,1.5888045670155504
ENSG00000143162.9,0.26,3.002,med,RT,muscle-skeletal,-1.9434164716336324,1.5859239769586013
ENSG00000090863.12,0.66,2.999,med,RT,muscle-skeletal,-0.5994620704162712,1.5844815222066533
ENSG00000279489.1,0.98,2.99,med,RT,muscle-skeletal,-0.029146345659516508,1.5801454844233804
ENSG00000160932.11,0.36,2.98,med,RT,muscle-skeletal,-1.4739311883324124,1.5753123306874368
ENSG00000172828.13,0.61,2.978,med,RT,muscle-skeletal,-0.7131188522118385,1.574343753920013
ENSG00000286689.1,3.05,2.952,med,RT,muscle-skeletal,1.6088092426755238,1.561692721398309
ENSG00000132963.8,0.24,2.951,med,RT,muscle-skeletal,-2.0588936890535687,1.5612039207699202
ENSG00000111231.9,0.315,2.932,med,RT,muscle-skeletal,-1.6665762662748083,1.5518851034717247
ENSG00000173674.11,0.79,2.926,med,RT,muscle-skeletal,-0.3400754415976217,1.5489297694764
ENSG00000007392.17,0.55,2.912,med,RT,muscle-skeletal,-0.862496476250065,1.5420103555366091
ENSG00000122068.13,0.36,2.895,med,RT,muscle-skeletal,-1.4739311883324124,1.533563348214512
ENSG00000100577.19,0.49,2.889,med,RT,muscle-skeletal,-1.0291463456595165,1.5305702039025284
ENSG00000126261.13,0.3,2.887,med,RT,muscle-skeletal,-1.7369655941662063,1.529571107573895
ENSG00000211460.12,0.33,2.883,med,RT,muscle-skeletal,-1.5994620704162712,1.5275708368328196
ENSG00000183513.9,0.45,2.869,med,RT,muscle-skeletal,-1.15200309344505,1.5205479681065774
ENSG00000081154.12,0.965,2.8665,med,RT,muscle-skeletal,-0.05139915250664432,1.5192902790365257
ENSG00000173918.15,1.24,2.85,med,RT,muscle-skeletal,0.3103401206121505,1.5109619192773793
ENSG00000213398.8,0.385,2.846,med,RT,muscle-skeletal,-1.3770696490798233,1.5089356618643954
ENSG00000088280.19,0.71,2.8395,med,RT,muscle-skeletal,-0.4941090702700427,1.5056369117627744
ENSG00000134253.10,0.36,2.8360000000000003,med,RT,muscle-skeletal,-1.4739311883324124,1.5038575325774293
ENSG00000250303.4,0.31,2.832,med,RT,muscle-skeletal,-1.6896598793878495,1.5018212654209102
ENSG00000275131.3,6.905,2.807,med,RT,muscle-skeletal,2.787641414483326,1.4890290638504373
ENSG00000065882.16,0.4,2.8045,med,RT,muscle-skeletal,-1.3219280948873622,1.487743583019698
ENSG00000127511.10,0.48,2.7965,med,RT,muscle-skeletal,-1.0588936890535685,1.4836223303234939
ENSG00000204569.10,0.49,2.781,med,RT,muscle-skeletal,-1.0291463456595165,1.4756037446846
ENSG00000204386.12,0.32,2.779,med,RT,muscle-skeletal,-1.6438561897747246,1.474565834538475
ENSG00000048828.17,1.035,2.7535,med,RT,muscle-skeletal,0.04963076772460043,1.4612666084887913
ENSG00000092068.20,0.81,2.7430000000000003,med,RT,muscle-skeletal,-0.3040061868900999,1.4557546221861903
ENSG00000148175.13,2.25,2.7430000000000003,med,RT,muscle-skeletal,1.1699250014423124,1.4557546221861903
ENSG00000189129.14,0.3,2.7425,med,RT,muscle-skeletal,-1.7369655941662063,1.4554916206284683
ENSG00000126458.4,0.39,2.73,med,RT,muscle-skeletal,-1.3584539709124763,1.4489009511451278
ENSG00000178307.10,1.045,2.7255000000000003,med,RT,muscle-skeletal,0.06350294230615795,1.446520920293185
ENSG00000092607.15,0.91,2.7215,med,RT,muscle-skeletal,-0.13606154957602837,1.4444020360630068
ENSG00000212541.1,0.35,2.721,med,RT,muscle-skeletal,-1.5145731728297582,1.4441369565875917
ENSG00000155380.13,0.48,2.716,med,RT,muscle-skeletal,-1.0588936890535685,1.4414834795826448
ENSG00000118985.16,1.12,2.713,med,RT,muscle-skeletal,0.16349873228287956,1.4398890476197792
ENSG00000176108.9,0.36,2.7030000000000003,med,RT,muscle-skeletal,-1.4739311883324124,1.4345615118726078
ENSG00000272195.1,0.585,2.689,med,RT,muscle-skeletal,-0.7734914701913203,1.427069755210786
ENSG00000151632.17,0.385,2.6860000000000004,med,RT,muscle-skeletal,-1.3770696490798233,1.4254593047653554
ENSG00000144655.15,0.69,2.685,med,RT,muscle-skeletal,-0.5353317329965558,1.4249220882106879
ENSG00000130204.13,0.945,2.6845,med,RT,muscle-skeletal,-0.08161376555365212,1.4246534048984505
ENSG00000169252.6,0.61,2.6630000000000003,med,RT,muscle-skeletal,-0.7131188522118385,1.4130524285485273
ENSG00000099282.10,0.44,2.659,med,RT,muscle-skeletal,-1.1844245711374275,1.4108837771955804
ENSG00000106009.16,0.44,2.6565,med,RT,muscle-skeletal,-1.1844245711374275,1.4095267128109834
ENSG00000126091.21,1.255,2.646,med,RT,muscle-skeletal,0.32768736417604716,1.4038130616165896
ENSG00000176410.8,0.28,2.625,med,RT,muscle-skeletal,-1.8365012677171204,1.3923174227787602
ENSG00000154813.10,0.3349999999999999,2.6100000000000003,med,RT,muscle-skeletal,-1.5777669993169527,1.3840498067951599
ENSG00000175591.12,0.42,2.6060000000000003,med,RT,muscle-skeletal,-1.2515387669959646,1.3818370839060476
ENSG00000134243.12,2.04,2.6045000000000003,med,RT,muscle-skeletal,1.0285691521967708,1.3810064370886155
ENSG00000037637.11,0.305,2.596,med,RT,muscle-skeletal,-1.7131188522118383,1.3762903833370514
ENSG00000178055.13,1.295,2.574,med,RT,muscle-skeletal,0.3729520979118291,1.3640120535586147
ENSG00000196126.11,1.43,2.56,med,RT,muscle-skeletal,0.5160151470036647,1.3561438102252754
ENSG00000176919.13,0.49,2.5580000000000003,med,RT,muscle-skeletal,-1.0291463456595165,1.35501626421955
ENSG00000124788.19,0.57,2.552,med,RT,muscle-skeletal,-0.8109661756099832,1.3516283291027824
ENSG00000163902.12,0.51,2.548,med,RT,muscle-skeletal,-0.9714308478032291,1.3493652775942133
ENSG00000101294.18,0.27,2.5465,med,RT,muscle-skeletal,-1.8889686876112561,1.3485157172354465
ENSG00000132912.13,0.44,2.545,med,RT,muscle-skeletal,-1.1844245711374275,1.3476656563009706
ENSG00000163681.16,1.82,2.539,med,RT,muscle-skeletal,0.8639384504239717,1.3442603949854188
ENSG00000181915.5,0.23,2.5345,med,RT,muscle-skeletal,-2.1202942337177118,1.3417011639273895
ENSG00000115548.17,0.43,2.523,med,RT,muscle-skeletal,-1.2175914350726267,1.3351402063142135
ENSG00000155827.12,0.395,2.514,med,RT,muscle-skeletal,-1.3400754415976217,1.3299846497584207
ENSG00000131386.19,0.52,2.513,med,RT,muscle-skeletal,-0.9434164716336325,1.3294106712185683
ENSG00000085117.12,0.58,2.512,med,RT,muscle-skeletal,-0.7858751946471527,1.32883646422954
ENSG00000175920.18,0.3,2.5095,med,RT,muscle-skeletal,-1.7369655941662063,1.3273999460974217
ENSG00000149196.16,0.28,2.487,med,RT,muscle-skeletal,-1.8365012677171204,1.3144065075548197
ENSG00000175221.15,0.36,2.487,med,RT,muscle-skeletal,-1.4739311883324124,1.3144065075548197
ENSG00000120805.14,0.47,2.478,med,RT,muscle-skeletal,-1.0892673380970874,1.3091761874785146
ENSG00000123130.17,0.49,2.475,med,RT,muscle-skeletal,-1.0291463456595165,1.3074285251922473
ENSG00000165028.12,0.38,2.4665,med,RT,muscle-skeletal,-1.3959286763311392,1.3024652873324054
ENSG00000156515.24,0.44,2.4565,med,RT,muscle-skeletal,-1.1844245711374275,1.2966042390889312
ENSG00000279088.1,0.41,2.454,med,RT,muscle-skeletal,-1.286304185156641,1.2951352490008181
ENSG00000116133.13,1.625,2.448,med,RT,muscle-skeletal,0.7004397181410922,1.2916035580305647
ENSG00000279164.1,0.385,2.442,med,RT,muscle-skeletal,-1.3770696490798233,1.2880632003253163
ENSG00000110171.20,0.31,2.4210000000000003,med,RT,muscle-skeletal,-1.6896598793878495,1.2756030793368496
ENSG00000176783.15,0.58,2.395,med,RT,muscle-skeletal,-0.7858751946471527,1.2600256559614555
ENSG00000271737.1,0.355,2.395,med,RT,muscle-skeletal,-1.4941090702700428,1.2600256559614555
ENSG00000114480.13,1.15,2.3915,med,RT,muscle-skeletal,0.2016338611696504,1.2579157913242185
ENSG00000212747.5,0.36,2.39,med,RT,muscle-skeletal,-1.4739311883324124,1.2570106182060239
ENSG00000126012.12,0.32,2.387,med,RT,muscle-skeletal,-1.6438561897747246,1.2551985664196896
ENSG00000240857.2,0.48,2.3775,med,RT,muscle-skeletal,-1.0588936890535685,1.2494453410858386
ENSG00000181396.13,0.65,2.3745000000000003,med,RT,muscle-skeletal,-0.6214883767462701,1.2476237561962504
ENSG00000116903.7,0.95,2.367,med,RT,muscle-skeletal,-0.07400058144377693,1.2430597060725277
ENSG00000176155.19,0.54,2.364,med,RT,muscle-skeletal,-0.888968687611256,1.2412300355154453
ENSG00000072110.15,0.36,2.358,med,RT,muscle-skeletal,-1.4739311883324124,1.2375637183176758
ENSG00000145362.20,0.46,2.3575,med,RT,muscle-skeletal,-1.1202942337177118,1.2372577709003718
ENSG00000134291.12,0.42,2.3575,med,RT,muscle-skeletal,-1.2515387669959646,1.2372577709003718
ENSG00000129128.13,0.515,2.356,med,RT,muscle-skeletal,-0.9573556625915063,1.2363395391683736
ENSG00000054967.13,0.26,2.351,med,RT,muscle-skeletal,-1.9434164716336324,1.2332745389909343
ENSG00000112584.14,0.25,2.35,med,RT,muscle-skeletal,-2.0,1.232660756790275
ENSG00000168874.13,0.365,2.349,med,RT,muscle-skeletal,-1.4540316308947074,1.2320467133501098
ENSG00000196670.14,0.5,2.347,med,RT,muscle-skeletal,-1.0,1.2308178418610831
ENSG00000205302.7,0.25,2.339,med,RT,muscle-skeletal,-2.0,1.2258918616903405
ENSG00000145349.17,0.5800000000000001,2.339,med,RT,muscle-skeletal,-0.7858751946471524,1.2258918616903405
ENSG00000272145.1,0.88,2.331,med,RT,muscle-skeletal,-0.18442457113742744,1.2209490044667792
ENSG00000277494.2,0.51,2.329,med,RT,muscle-skeletal,-0.9714308478032291,1.2197106395487791
ENSG00000025039.15,1.0,2.325,med,RT,muscle-skeletal,0.0,1.2172307162206693
ENSG00000129204.17,0.55,2.3215000000000003,med,RT,muscle-skeletal,-0.862496476250065,1.2150572809045748
ENSG00000121851.13,1.61,2.3120000000000003,med,RT,muscle-skeletal,0.6870606883398924,1.2091413978385919
ENSG00000162959.14,0.46,2.2945,med,RT,muscle-skeletal,-1.1202942337177118,1.1981798067501854
ENSG00000135334.9,0.69,2.2895000000000003,med,RT,muscle-skeletal,-0.5353317329965558,1.1950325650114602
ENSG00000259820.1,0.91,2.28,med,RT,muscle-skeletal,-0.13606154957602837,1.189033824390017
ENSG00000167703.15,0.56,2.277,med,RT,muscle-skeletal,-0.8365012677171204,1.1871342914745355
ENSG00000244998.1,0.69,2.2685,med,RT,muscle-skeletal,-0.5353317329965558,1.1817386596886572
ENSG00000136758.19,0.87,2.2685,med,RT,muscle-skeletal,-0.2009126939259964,1.1817386596886572
ENSG00000235070.3,0.71,2.268,med,RT,muscle-skeletal,-0.4941090702700427,1.1814206402801417
ENSG00000176971.4,0.47,2.2675,med,RT,muscle-skeletal,-1.0892673380970874,1.1811025507537978
ENSG00000066056.14,0.48,2.254,med,RT,muscle-skeletal,-1.0588936890535685,1.172487515510134
ENSG00000186326.4,0.62,2.251,med,RT,muscle-skeletal,-0.6896598793878495,1.1705660567920686
ENSG00000133943.21,0.255,2.2430000000000003,med,RT,muscle-skeletal,-1.9714308478032292,1.1654296204241854
ENSG00000143641.10,1.165,2.235,med,RT,muscle-skeletal,0.2203299548795556,1.1602748314085929
ENSG00000169710.9,3.05,2.2335000000000003,med,RT,muscle-skeletal,1.6088092426755238,1.1593062546411692
ENSG00000221990.4,0.37,2.218,med,RT,muscle-skeletal,-1.434402824145775,1.1492593654996228
ENSG00000112339.15,0.26,2.215,med,RT,muscle-skeletal,-1.9434164716336324,1.1473066987802936
ENSG00000186051.7,1.27,2.2065,med,RT,muscle-skeletal,0.34482849699744117,1.1417597473138994
ENSG00000137177.20,0.525,2.2015,med,RT,muscle-skeletal,-0.929610672108602,1.1384868442748062
ENSG00000101337.16,0.4,2.1965000000000003,med,RT,muscle-skeletal,-1.3219280948873622,1.1352064994306748
ENSG00000197157.11,0.69,2.1735,med,RT,muscle-skeletal,-0.5353317329965558,1.1200200956159987
ENSG00000235295.1,0.48,2.172,med,RT,muscle-skeletal,-1.0588936890535685,1.1190241031422745
ENSG00000271361.1,0.47,2.166,med,RT,muscle-skeletal,-1.0892673380970874,1.1150332429462402
ENSG00000170791.18,0.245,2.157,med,RT,muscle-skeletal,-2.0291463456595165,1.1090261764983669
ENSG00000122678.17,0.365,2.149,med,RT,muscle-skeletal,-1.4540316308947074,1.1036654827656964
ENSG00000117868.17,0.66,2.1485000000000003,med,RT,muscle-skeletal,-0.5994620704162712,1.1033297771118518
ENSG00000184545.11,0.42,2.141,med,RT,muscle-skeletal,-1.2515387669959646,1.0982847957234225
ENSG00000116774.12,0.315,2.128,med,RT,muscle-skeletal,-1.6665762662748083,1.0894981508391026
ENSG00000075240.17,0.43,2.128,med,RT,muscle-skeletal,-1.2175914350726267,1.0894981508391026
ENSG00000196141.14,0.25,2.122,med,RT,muscle-skeletal,-2.0,1.0854246562526777
ENSG00000287733.1,3.36,2.1180000000000003,med,RT,muscle-skeletal,1.7484612330040354,1.0827025893302495
ENSG00000198700.10,0.26,2.112,med,RT,muscle-skeletal,-1.9434164716336324,1.0786098346963664
ENSG00000141338.14,0.51,2.1105,med,RT,muscle-skeletal,-0.9714308478032291,1.0775848292956018
ENSG00000120833.14,0.42,2.109,med,RT,muscle-skeletal,-1.2515387669959646,1.0765590951316044
ENSG00000163931.16,0.31,2.109,med,RT,muscle-skeletal,-1.6896598793878495,1.0765590951316044
ENSG00000100106.22,0.46,2.1,med,RT,muscle-skeletal,-1.1202942337177118,1.070389327891398
ENSG00000114982.19,1.28,2.092,med,RT,muscle-skeletal,0.35614381022527536,1.0648828515848543
ENSG00000128567.17,0.485,2.092,med,RT,muscle-skeletal,-1.043943347587597,1.0648828515848543
ENSG00000229980.5,0.87,2.084,med,RT,muscle-skeletal,-0.2009126939259964,1.0593552776164212
ENSG00000106344.8,0.445,2.0715,med,RT,muscle-skeletal,-1.168122758808327,1.05067582031712
ENSG00000162139.10,0.47,2.069,med,RT,muscle-skeletal,-1.0892673380970874,1.0489336451979225
ENSG00000157110.16,0.375,2.066,med,RT,muscle-skeletal,-1.415037499278844,1.0468402542029724
ENSG00000139567.13,0.36,2.063,med,RT,muscle-skeletal,-1.4739311883324124,1.0447438212243978
ENSG00000125843.11,0.275,2.063,med,RT,muscle-skeletal,-1.8624964762500649,1.0447438212243978
ENSG00000196591.12,0.255,2.0475000000000003,med,RT,muscle-skeletal,-1.9714308478032292,1.0338634518662841
ENSG00000122126.17,0.53,2.044,med,RT,muscle-skeletal,-0.9159357352115255,1.0313951962755343
ENSG00000146147.15,2.67,2.044,med,RT,muscle-skeletal,1.4168397419128291,1.0313951962755343
ENSG00000114686.9,0.875,2.036,med,RT,muscle-skeletal,-0.19264507794239588,1.0257375614136082
ENSG00000127804.13,0.39,2.0105,med,RT,muscle-skeletal,-1.3584539709124763,1.0075543361382735
ENSG00000107651.14,0.25,2.0025,med,RT,muscle-skeletal,-2.0,1.0018022426339854
ENSG00000180817.12,3.16,2.0025,med,RT,muscle-skeletal,1.6599245584023783,1.0018022426339854
ENSG00000150347.17,1.79,2.001,med,RT,muscle-skeletal,0.8399595874895318,1.000721167243654
ENSG00000131269.19,0.59,1.9975,med,RT,muscle-skeletal,-0.7612131404128835,0.9981955031532521
ENSG00000124374.9,1.2,1.9915,med,RT,muscle-skeletal,0.2630344058337938,0.993855479702099
ENSG00000130713.16,0.51,1.9875,med,RT,muscle-skeletal,-0.9714308478032291,0.9909548603969931
ENSG00000273812.3,0.54,1.986,med,RT,muscle-skeletal,-0.888968687611256,0.9898656228662869
ENSG00000175376.9,0.26,1.9835,med,RT,muscle-skeletal,-1.9434164716336324,0.9880483974831936
ENSG00000176022.7,0.44,1.975,med,RT,muscle-skeletal,-1.1844245711374275,0.9818526532897407
ENSG00000270210.1,0.41,1.967,med,RT,muscle-skeletal,-1.286304185156641,0.9759969576164432
ENSG00000128699.14,0.21,1.967,med,RT,muscle-skeletal,-2.2515387669959646,0.9759969576164432
ENSG00000273015.2,0.22,1.957,med,RT,muscle-skeletal,-2.1844245711374275,0.9686437559647169
ENSG00000180628.15,0.32,1.951,med,RT,muscle-skeletal,-1.6438561897747246,0.9642137779469394
ENSG00000109919.10,0.69,1.9465,med,RT,muscle-skeletal,-0.5353317329965558,0.9608823446851962
ENSG00000184634.16,0.4,1.935,med,RT,muscle-skeletal,-1.3219280948873622,0.9523335663696857
ENSG00000132953.17,0.48,1.934,med,RT,muscle-skeletal,-1.0588936890535685,0.9515877948147541
ENSG00000102858.13,0.35,1.9305,med,RT,muscle-skeletal,-1.5145731728297582,0.948974554279771
ENSG00000118564.15,0.28,1.929,med,RT,muscle-skeletal,-1.8365012677171204,0.9478531433870165
ENSG00000158169.13,0.24,1.9275,med,RT,muscle-skeletal,-2.0588936890535687,0.9467308601403096
ENSG00000188807.13,0.29,1.917,med,RT,muscle-skeletal,-1.7858751946471527,0.9388503370060636
ENSG00000260572.1,0.46,1.916,med,RT,muscle-skeletal,-1.1202942337177118,0.9380975610740931
ENSG00000118194.20,0.7,1.9125,med,RT,muscle-skeletal,-0.5145731728297583,0.9354597478052895
ENSG00000177706.9,1.16,1.891,med,RT,muscle-skeletal,0.21412480535284734,0.9191493632876745
ENSG00000185803.12,0.405,1.885,med,RT,muscle-skeletal,-1.3040061868900998,0.9145645234939396
ENSG00000118246.14,0.27,1.879,med,RT,muscle-skeletal,-1.8889686876112561,0.9099650667579685
ENSG00000091986.16,0.34,1.8775,med,RT,muscle-skeletal,-1.5563933485243853,0.908812907739547
ENSG00000204685.7,0.47,1.877,med,RT,muscle-skeletal,-1.0892673380970874,0.9084286501687873
ENSG00000160305.18,0.39,1.8765,med,RT,muscle-skeletal,-1.3584539709124763,0.908044290224889
ENSG00000069329.18,0.5,1.8705,med,RT,muscle-skeletal,-1.0,0.9034239658887392
ENSG00000115221.12,1.26,1.869,med,RT,muscle-skeletal,0.3334237337251918,0.902266569083071
ENSG00000122873.12,3.125,1.8575,med,RT,muscle-skeletal,1.6438561897747246,0.8933622107638715
ENSG00000171811.14,0.62,1.855,med,RT,muscle-skeletal,-0.6896598793878495,0.8914191868460786
ENSG00000178038.17,0.29,1.8525,med,RT,muscle-skeletal,-1.7858751946471527,0.8894735425311092
ENSG00000267365.1,0.64,1.8485,med,RT,muscle-skeletal,-0.6438561897747247,0.8863550435251561
ENSG00000122965.11,0.29,1.841,med,RT,muscle-skeletal,-1.7858751946471527,0.8804896266878194
ENSG00000288473.1,0.9,1.8405,med,RT,muscle-skeletal,-0.15200309344504995,0.8800977497219742
ENSG00000062194.16,0.21,1.838,med,RT,muscle-skeletal,-2.2515387669959646,0.8781367666269475
ENSG00000116791.14,1.005,1.836,med,RT,muscle-skeletal,0.007195501404203766,0.876566058751721
ENSG00000100614.18,0.71,1.8335,med,RT,muscle-skeletal,-0.4941090702700427,0.8746002660495787
ENSG00000172594.13,0.7,1.83,med,RT,muscle-skeletal,-0.5145731728297583,0.8718436485093178
ENSG00000249087.7,0.39,1.828,med,RT,muscle-skeletal,-1.3584539709124763,0.8702660703959827
ENSG00000156253.7,0.37,1.8255,med,RT,muscle-skeletal,-1.434402824145775,0.8682916687727974
ENSG00000272512.1,0.405,1.8225,med,RT,muscle-skeletal,-1.3040061868900998,0.8659188145522124
ENSG00000224934.5,0.25,1.8195,med,RT,muscle-skeletal,-2.0,0.8635420511795793
ENSG00000136197.13,0.27,1.815,med,RT,muscle-skeletal,-1.8889686876112561,0.859969548221026
ENSG00000164011.18,0.31,1.811,med,RT,muscle-skeletal,-1.6896598793878495,0.8567865462880808
ENSG00000225125.2,1.36,1.8105,med,RT,muscle-skeletal,0.44360665147561484,0.8563881768140906
ENSG00000286532.1,0.25,1.8105,med,RT,muscle-skeletal,-2.0,0.8563881768140906
ENSG00000078902.16,0.4599999999999999,1.803,med,RT,muscle-skeletal,-1.1202942337177122,0.8503993967702546
ENSG00000111832.13,0.32,1.7995,med,RT,muscle-skeletal,-1.6438561897747246,0.8475961022626406
ENSG00000235750.10,0.93,1.796,med,RT,muscle-skeletal,-0.10469737866669324,0.8447873500790599
ENSG00000179776.19,0.51,1.7919999999999998,med,RT,muscle-skeletal,-0.9714308478032291,0.841570637395517
ENSG00000115561.16,14.47,1.787,med,RT,muscle-skeletal,3.854993016757,0.8375396343794035
ENSG00000157881.16,0.54,1.784,med,RT,muscle-skeletal,-0.888968687611256,0.8351156152582178
ENSG00000116857.17,0.7549999999999999,1.7775,med,RT,muscle-skeletal,-0.405451450449646,0.8298495598446907
ENSG00000171302.17,0.35,1.7675,med,RT,muscle-skeletal,-1.5145731728297582,0.8217102150346742
ENSG00000148908.15,0.445,1.7619999999999998,med,RT,muscle-skeletal,-1.168122758808327,0.8172139242583264
ENSG00000131669.10,0.98,1.76,med,RT,muscle-skeletal,-0.029146345659516508,0.8155754288625726
ENSG00000110871.15,1.3,1.759,med,RT,muscle-skeletal,0.3785116232537299,0.8147554828098739
ENSG00000170852.11,0.725,1.7545,low,RT,muscle-skeletal,-0.46394709975979026,0.8110599477400795
ENSG00000188243.13,0.27,1.754,low,RT,muscle-skeletal,-1.8889686876112561,0.8106487477826461
ENSG00000132635.17,0.51,1.7534999999999998,low,RT,muscle-skeletal,-0.9714308478032291,0.8102374305907253
ENSG00000172824.16,1.875,1.753,low,RT,muscle-skeletal,0.9068905956085185,0.809825996097451
ENSG00000288009.1,10.165,1.7519999999999998,low,RT,muscle-skeletal,3.345538310070008,0.8090027749390862
ENSG00000262050.1,0.51,1.751,low,RT,muscle-skeletal,-0.9714308478032291,0.8081790837714706
ENSG00000124588.22,0.7050000000000001,1.7485,low,RT,muscle-skeletal,-0.504304837375931,0.8061177960356292
ENSG00000005884.18,0.73,1.745,low,RT,muscle-skeletal,-0.4540316308947075,0.8032270364349277
ENSG00000228078.1,0.29,1.744,low,RT,muscle-skeletal,-1.7858751946471527,0.8024000401148393
ENSG00000111241.2,0.45,1.742,low,RT,muscle-skeletal,-1.15200309344505,0.8007446239367776
ENSG00000180902.18,0.51,1.741,low,RT,muscle-skeletal,-0.9714308478032291,0.7999162029890141
ENSG00000149218.5,1.085,1.7385000000000002,low,RT,muscle-skeletal,0.11769504266975457,0.7978430670655411
ENSG00000059728.11,0.28,1.733,low,RT,muscle-skeletal,-1.8365012677171204,0.7932716544980827
ENSG00000077942.19,0.7,1.7320000000000002,low,RT,muscle-skeletal,-0.5145731728297583,0.7924389300646381
ENSG00000149483.12,0.295,1.722,low,RT,muscle-skeletal,-1.7612131404128835,0.7840851427347569
ENSG00000173546.7,0.36,1.721,low,RT,muscle-skeletal,-1.4739311883324124,0.7832470973781166
ENSG00000100300.18,3.25,1.72,low,RT,muscle-skeletal,1.7004397181410922,0.7824085649273732
ENSG00000161267.12,0.35,1.719,low,RT,muscle-skeletal,-1.5145731728297582,0.7815695448159741
ENSG00000160867.15,0.36,1.717,low,RT,muscle-skeletal,-1.4739311883324124,0.7798900393400472
ENSG00000137168.8,0.78,1.717,low,RT,muscle-skeletal,-0.3584539709124763,0.7798900393400472
ENSG00000181026.15,1.26,1.711,low,RT,muscle-skeletal,0.3334237337251918,0.7748397598273264
ENSG00000168528.12,0.72,1.709,low,RT,muscle-skeletal,-0.4739311883324124,0.7731523970140524
ENSG00000129993.15,0.39,1.706,low,RT,muscle-skeletal,-1.3584539709124763,0.7706176466562031
ENSG00000164292.13,0.25,1.706,low,RT,muscle-skeletal,-2.0,0.7706176466562031
ENSG00000272523.1,0.35,1.704,low,RT,muscle-skeletal,-1.5145731728297582,0.7689253355637512
ENSG00000139726.11,0.5,1.7009999999999998,low,RT,muscle-skeletal,-1.0,0.7663831410012978
ENSG00000261175.6,0.28,1.7009999999999998,low,RT,muscle-skeletal,-1.8365012677171204,0.7663831410012978
ENSG00000275285.1,0.585,1.695,low,RT,muscle-skeletal,-0.7734914701913203,0.7612852733616192
ENSG00000084733.11,1.815,1.6915,low,RT,muscle-skeletal,0.859969548221026,0.7583031771319012
ENSG00000184319.16,0.23,1.685,low,RT,muscle-skeletal,-2.1202942337177118,0.7527485914071338
ENSG00000082516.9,0.47,1.6840000000000002,low,RT,muscle-skeletal,-1.0892673380970874,0.7518921384043091
ENSG00000136874.11,0.27,1.683,low,RT,muscle-skeletal,-1.8889686876112561,0.751035176667862
ENSG00000133816.17,0.27,1.68,low,RT,muscle-skeletal,-1.8889686876112561,0.7484612330040356
ENSG00000116353.16,0.38,1.679,low,RT,muscle-skeletal,-1.3959286763311392,0.7476022302749431
ENSG00000021355.13,1.915,1.669,low,RT,muscle-skeletal,0.9373443921502325,0.7389839547005117
ENSG00000109016.17,0.24,1.668,low,RT,muscle-skeletal,-2.0588936890535687,0.7381192887825765
ENSG00000103248.19,0.32,1.6675,low,RT,muscle-skeletal,-1.6438561897747246,0.7376867614098603
ENSG00000180596.7,1.12,1.6665,low,RT,muscle-skeletal,0.16349873228287956,0.7368213174481613
ENSG00000163064.7,0.625,1.666,low,RT,muscle-skeletal,-0.6780719051126377,0.7363884007034606
ENSG00000129991.13,12.81,1.654,low,RT,muscle-skeletal,3.679198570566922,0.7259592345091875
ENSG00000134363.12,0.52,1.652,low,RT,muscle-skeletal,-0.9434164716336325,0.7242136867573582
ENSG00000213445.10,0.385,1.6364999999999998,low,RT,muscle-skeletal,-1.3770696490798233,0.7106136023826762
ENSG00000068394.11,0.73,1.6255,low,RT,muscle-skeletal,-0.4540316308947075,0.7008835560282688
ENSG00000166387.13,1.97,1.624,low,RT,muscle-skeletal,0.9781956296816515,0.6995516325230893
ENSG00000112062.11,0.58,1.6235000000000002,low,RT,muscle-skeletal,-0.7858751946471527,0.6991073846240012
ENSG00000084652.16,0.575,1.6185,low,RT,muscle-skeletal,-0.7983661388303496,0.6946573655470861
ENSG00000170275.15,0.265,1.618,low,RT,muscle-skeletal,-1.9159357352115254,0.6942116077678906
ENSG00000178053.20,0.29,1.616,low,RT,muscle-skeletal,-1.7858751946471527,0.6924271980897078
ENSG00000114554.11,0.395,1.61,low,RT,muscle-skeletal,-1.3400754415976217,0.6870606883398924
ENSG00000178715.8,0.25,1.6095000000000002,low,RT,muscle-skeletal,-2.0,0.6866125768155912
ENSG00000112679.14,0.605,1.609,low,RT,muscle-skeletal,-0.7249929525001302,0.6861643260613592
ENSG00000134463.15,1.845,1.6055,low,RT,muscle-skeletal,0.8836208162856714,0.6830226650636827
ENSG00000165192.14,6.75,1.604,low,RT,muscle-skeletal,2.7548875021634687,0.6816741417928334
ENSG00000188313.13,0.51,1.6035,low,RT,muscle-skeletal,-0.9714308478032291,0.6812243537795597
ENSG00000229589.1,0.47,1.6015,low,RT,muscle-skeletal,-1.0892673380970874,0.6794237981125965
ENSG00000112769.20,0.31,1.6,low,RT,muscle-skeletal,-1.6896598793878495,0.6780719051126377
ENSG00000197903.8,1.28,1.598,low,RT,muscle-skeletal,0.35614381022527536,0.6762674082658898
ENSG00000279348.1,1.57,1.597,low,RT,muscle-skeletal,0.6507645591169023,0.6753643127491455
ENSG00000163257.11,0.495,1.595,low,RT,muscle-skeletal,-1.0144995696951151,0.6735564239901447
ENSG00000196741.5,0.765,1.5910000000000002,low,RT,muscle-skeletal,-0.3864683470820729,0.6699338356689608
ENSG00000198502.6,1.4,1.587,low,RT,muscle-skeletal,0.48542682717024166,0.6663021281730949
ENSG00000115652.15,0.49,1.5865,low,RT,muscle-skeletal,-1.0291463456595165,0.6658475212555507
ENSG00000162980.17,0.32,1.585,low,RT,muscle-skeletal,-1.6438561897747246,0.6644828403646825
ENSG00000024422.12,0.81,1.5845,low,RT,muscle-skeletal,-0.3040061868900999,0.6640276597201467
ENSG00000229246.2,0.33,1.5759999999999998,low,RT,muscle-skeletal,-1.5994620704162712,0.6562675347942891
ENSG00000133874.2,0.44,1.5715,low,RT,muscle-skeletal,-1.1844245711374275,0.6521422721366639
ENSG00000247092.7,0.22,1.571,low,RT,muscle-skeletal,-2.1844245711374275,0.6516831806321093
ENSG00000253833.1,0.48,1.569,low,RT,muscle-skeletal,-1.0588936890535685,0.6498453523060105
ENSG00000100030.15,0.325,1.5585,low,RT,muscle-skeletal,-1.6214883767462702,0.6401581549632809
ENSG00000143179.16,1.13,1.555,low,RT,muscle-skeletal,0.17632277264046287,0.6369145803558778
ENSG00000117266.16,0.4,1.5545,low,RT,muscle-skeletal,-1.3219280948873622,0.6364506166789771
ENSG00000118689.15,1.81,1.5519999999999998,low,RT,muscle-skeletal,0.8559896973084807,0.6341285575250405
ENSG00000135547.9,0.4649999999999999,1.5495,low,RT,muscle-skeletal,-1.1046973786666936,0.6318027549241287
ENSG00000285805.1,0.47,1.5435,low,RT,muscle-skeletal,-1.0892673380970874,0.6262054829530377
ENSG00000223298.1,0.335,1.543,low,RT,muscle-skeletal,-1.577766999316952,0.6257380619086478
ENSG00000186642.16,0.45,1.5405,low,RT,muscle-skeletal,-1.15200309344505,0.6233986823772643
ENSG00000183527.12,0.32,1.536,low,RT,muscle-skeletal,-1.6438561897747246,0.6191782160590692
ENSG00000162409.11,0.86,1.535,low,RT,muscle-skeletal,-0.21759143507262677,0.6182386555954547
ENSG00000090447.12,0.52,1.524,low,RT,muscle-skeletal,-0.9434164716336325,0.607862902831235
ENSG00000159761.15,0.28,1.516,low,RT,muscle-skeletal,-1.8365012677171204,0.6002697535090047
ENSG00000268858.2,0.37,1.516,low,RT,muscle-skeletal,-1.434402824145775,0.6002697535090047
ENSG00000143337.19,0.74,1.513,low,RT,muscle-skeletal,-0.4344028241457749,0.59741198755465
ENSG00000131002.12,0.29,1.5114999999999998,low,RT,muscle-skeletal,-1.7858751946471527,0.59598097896562
ENSG00000272447.1,0.54,1.511,low,RT,muscle-skeletal,-0.888968687611256,0.595503660502742
ENSG00000272686.1,0.305,1.51,low,RT,muscle-skeletal,-1.7131188522118383,0.5945485495503542
ENSG00000161940.11,0.32,1.505,low,RT,muscle-skeletal,-1.6438561897747246,0.5897634869849773
ENSG00000144120.13,0.32,1.504,low,RT,muscle-skeletal,-1.6438561897747246,0.5888045670155503
ENSG00000162494.6,2.14,1.503,low,RT,muscle-skeletal,1.0976107966264224,0.5878450092542774
ENSG00000010319.7,0.52,1.5019999999999998,low,RT,muscle-skeletal,-0.9434164716336325,0.5868848128521845
ENSG00000187840.5,1.15,1.497,low,RT,muscle-skeletal,0.2016338611696504,0.5820742213963298
ENSG00000166394.15,0.58,1.496,low,RT,muscle-skeletal,-0.7858751946471527,0.5811101752255496
ENSG00000214135.8,1.535,1.4945,low,RT,muscle-skeletal,0.6182386555954547,0.5796628970160074
ENSG00000177302.15,0.24,1.494,low,RT,muscle-skeletal,-2.0588936890535687,0.57918014812715
ENSG00000122756.15,0.62,1.493,low,RT,muscle-skeletal,-0.6896598793878495,0.5782141654724543
ENSG00000286388.1,0.75,1.485,low,RT,muscle-skeletal,-0.4150374992788438,0.5704629310260412
ENSG00000117480.16,0.63,1.483,low,RT,muscle-skeletal,-0.6665762662748083,0.5685185977925435
ENSG00000163513.19,0.49,1.481,low,RT,muscle-skeletal,-1.0291463456595165,0.5665716406267608
ENSG00000273142.1,0.25,1.477,low,RT,muscle-skeletal,-2.0,0.5626698261027023
ENSG00000075618.18,0.36,1.476,low,RT,muscle-skeletal,-1.4739311883324124,0.561692721398309
ENSG00000007866.22,0.725,1.475,low,RT,muscle-skeletal,-0.46394709975979026,0.5607149544744789
ENSG00000118418.14,1.35,1.4745,low,RT,muscle-skeletal,0.43295940727610627,0.5602258223996497
ENSG00000175764.15,1.75,1.467,low,RT,muscle-skeletal,0.8073549220576041,0.552868871011303
ENSG00000245112.2,0.21,1.467,low,RT,muscle-skeletal,-2.2515387669959646,0.552868871011303
ENSG00000172775.17,0.48,1.463,low,RT,muscle-skeletal,-1.0588936890535685,0.5489297694763999
ENSG00000227496.3,0.18,1.4620000000000002,low,RT,muscle-skeletal,-2.473931188332412,0.5479433112903505
ENSG00000235919.4,0.26,1.462,low,RT,muscle-skeletal,-1.9434164716336324,0.5479433112903502
ENSG00000100325.15,0.555,1.462,low,RT,muscle-skeletal,-0.8494403234246186,0.5479433112903502
ENSG00000072501.19,1.07,1.4585,low,RT,muscle-skeletal,0.09761079662642233,0.5444853862360906
ENSG00000119950.21,0.255,1.4580000000000002,low,RT,muscle-skeletal,-1.9714308478032292,0.5439907196648502
ENSG00000234616.9,0.375,1.4580000000000002,low,RT,muscle-skeletal,-1.415037499278844,0.5439907196648502
ENSG00000140848.17,0.31,1.456,low,RT,muscle-skeletal,-1.6896598793878495,0.5420103555366091
ENSG00000104142.11,0.74,1.455,low,RT,muscle-skeletal,-0.4344028241457749,0.5410191531335592
ENSG00000108406.10,0.36,1.4529999999999998,low,RT,muscle-skeletal,-1.4739311883324124,0.5390347029707541
ENSG00000181031.16,0.28,1.4509999999999998,low,RT,muscle-skeletal,-1.8365012677171204,0.5370475194046572
ENSG00000137501.17,0.62,1.45,low,RT,muscle-skeletal,-0.6896598793878495,0.5360529002402097
ENSG00000135956.9,0.52,1.448,low,RT,muscle-skeletal,-0.9434164716336325,0.5340616024211182
ENSG00000116752.6,0.6,1.447,low,RT,muscle-skeletal,-0.7369655941662062,0.5330649218696376
ENSG00000271420.1,0.27,1.442,low,RT,muscle-skeletal,-1.8889686876112561,0.5280711645787354
ENSG00000184164.15,0.37,1.4340000000000002,low,RT,muscle-skeletal,-1.434402824145775,0.5200450240398179
ENSG00000226696.6,0.6,1.432,low,RT,muscle-skeletal,-0.7369655941662062,0.5180314926021693
ENSG00000140795.13,0.375,1.43,low,RT,muscle-skeletal,-1.415037499278844,0.5160151470036647
ENSG00000143319.17,0.265,1.4269999999999998,low,RT,muscle-skeletal,-1.9159357352115254,0.5129853348136763
ENSG00000260267.1,0.6,1.4245,low,RT,muscle-skeletal,-0.7369655941662062,0.5104556216617642
ENSG00000161021.13,0.415,1.4215,low,RT,muscle-skeletal,-1.2688167584278,0.5074140990154403
ENSG00000151893.15,0.265,1.421,low,RT,muscle-skeletal,-1.9159357352115254,0.5069065545806933
ENSG00000181035.14,0.29,1.42,low,RT,muscle-skeletal,-1.7858751946471527,0.5058909297299573
ENSG00000002933.9,0.41,1.42,low,RT,muscle-skeletal,-1.286304185156641,0.5058909297299573
ENSG00000140326.13,0.305,1.414,low,RT,muscle-skeletal,-1.7131188522118383,0.4997821201473117
ENSG00000106605.11,0.68,1.41,low,RT,muscle-skeletal,-0.5563933485243852,0.49569516262406876
ENSG00000136273.13,0.4,1.4065,low,RT,muscle-skeletal,-1.3219280948873622,0.49210955265261286
ENSG00000129187.15,0.335,1.406,low,RT,muscle-skeletal,-1.577766999316952,0.4915965944104482
ENSG00000135929.9,0.685,1.404,low,RT,muscle-skeletal,-0.5458241068141979,0.4895429356424736
ENSG00000174574.16,0.71,1.4015,low,RT,muscle-skeletal,-0.4941090702700427,0.4869717443704068
ENSG00000214289.2,0.315,1.401,low,RT,muscle-skeletal,-1.6665762662748083,0.48645695576873105
ENSG00000261575.2,0.3,1.4009999999999998,low,RT,muscle-skeletal,-1.7369655941662063,0.4864569557687308
ENSG00000090487.11,0.865,1.4,low,RT,muscle-skeletal,-0.20922796213800007,0.48542682717024166
ENSG00000173727.12,0.315,1.3969999999999998,low,RT,muscle-skeletal,-1.6665762662748083,0.48233202074737586
ENSG00000167528.13,0.4,1.396,low,RT,muscle-skeletal,-1.3219280948873622,0.4812989415475651
ENSG00000103769.10,0.4,1.396,low,RT,muscle-skeletal,-1.3219280948873622,0.4812989415475651
ENSG00000240065.8,0.25,1.396,low,RT,muscle-skeletal,-2.0,0.4812989415475651
ENSG00000176485.13,2.565,1.394,low,RT,muscle-skeletal,1.3589588258323293,0.47923056120633595
ENSG00000025156.13,0.28,1.394,low,RT,muscle-skeletal,-1.8365012677171204,0.47923056120633595
ENSG00000156931.16,1.04,1.391,low,RT,muscle-skeletal,0.056583528366367514,0.4761224198801521
ENSG00000160208.13,0.495,1.39,low,RT,muscle-skeletal,-1.0144995696951151,0.47508488294878265
ENSG00000225549.3,0.88,1.389,low,RT,muscle-skeletal,-0.18442457113742744,0.47404659931930554
ENSG00000074660.16,0.595,1.388,low,RT,muscle-skeletal,-0.7490384264667812,0.47300756791617377
ENSG00000265158.1,0.39,1.3864999999999998,low,RT,muscle-skeletal,-1.3584539709124763,0.4714476163773914
ENSG00000141428.17,0.31,1.386,low,RT,muscle-skeletal,-1.6896598793878495,0.4709272574751266
ENSG00000156453.14,0.43,1.384,low,RT,muscle-skeletal,-1.2175914350726267,0.4688439429746375
ENSG00000261474.1,0.54,1.383,low,RT,muscle-skeletal,-0.888968687611256,0.46780115648840714
ENSG00000247271.7,0.54,1.383,low,RT,muscle-skeletal,-0.888968687611256,0.46780115648840714
ENSG00000165802.23,0.26,1.382,low,RT,muscle-skeletal,-1.9434164716336324,0.46675761572617136
ENSG00000137767.14,1.19,1.38,low,RT,muscle-skeletal,0.25096157353321874,0.46466826700344427
ENSG00000111790.14,0.4,1.378,low,RT,muscle-skeletal,-1.3219280948873622,0.4625758880422042
ENSG00000177030.17,0.345,1.3769999999999998,low,RT,muscle-skeletal,-1.5353317329965557,0.46152855947287685
ENSG00000104331.9,0.93,1.371,low,RT,muscle-skeletal,-0.10469737866669324,0.4552285711171388
ENSG00000160094.15,0.29,1.367,low,RT,muscle-skeletal,-1.7858751946471527,0.45101324294397294
ENSG00000128908.17,0.655,1.367,low,RT,muscle-skeletal,-0.6104331882372743,0.45101324294397294
ENSG00000227946.1,0.63,1.3635000000000002,low,RT,muscle-skeletal,-0.6665762662748083,0.4473147002531764
ENSG00000113594.10,0.33,1.362,low,RT,muscle-skeletal,-1.5994620704162712,0.4457267033499842
ENSG00000233830.2,0.36,1.3605,low,RT,muscle-skeletal,-1.4739311883324124,0.4441369565875916
ENSG00000090661.12,0.29,1.3585000000000005,low,RT,muscle-skeletal,-1.7858751946471527,0.4420145655598884
ENSG00000254470.3,0.88,1.358,low,RT,muscle-skeletal,-0.18442457113742744,0.44148347958264483
ENSG00000184470.21,0.82,1.357,low,RT,muscle-skeletal,-0.2863041851566411,0.4404207207567671
ENSG00000138246.17,0.44,1.352,low,RT,muscle-skeletal,-1.1844245711374275,0.4350951516200974
ENSG00000207291.1,0.37,1.3515,low,RT,muscle-skeletal,-1.434402824145775,0.43456151187260766
ENSG00000198642.7,0.41,1.351,low,RT,muscle-skeletal,-1.286304185156641,0.4340276746635975
ENSG00000187098.17,0.78,1.349,low,RT,muscle-skeletal,-0.3584539709124763,0.4318903482861805
ENSG00000225507.1,0.54,1.3475,low,RT,muscle-skeletal,-0.888968687611256,0.4302852729777807
ENSG00000109458.8,0.38,1.347,low,RT,muscle-skeletal,-1.3959286763311392,0.42974985080021605
ENSG00000198000.12,0.26,1.347,low,RT,muscle-skeletal,-1.9434164716336324,0.42974985080021605
ENSG00000112964.14,0.8200000000000001,1.347,low,RT,muscle-skeletal,-0.2863041851566409,0.42974985080021605
ENSG00000150990.9,0.55,1.346,low,RT,muscle-skeletal,-0.862496476250065,0.42867840994823014
ENSG00000123080.12,0.405,1.346,low,RT,muscle-skeletal,-1.3040061868900998,0.42867840994823014
ENSG00000166166.13,0.33,1.3430000000000002,low,RT,muscle-skeletal,-1.5994620704162712,0.4254593047653555
ENSG00000120688.9,0.39,1.3405,low,RT,muscle-skeletal,-1.3584539709124763,0.4227712193204742
ENSG00000179941.9,0.28,1.337,low,RT,muscle-skeletal,-1.8365012677171204,0.4189994654312657
ENSG00000100304.13,0.35,1.335,low,RT,muscle-skeletal,-1.5145731728297582,0.4168397419128292
ENSG00000260565.7,0.35,1.335,low,RT,muscle-skeletal,-1.5145731728297582,0.4168397419128292
ENSG00000231711.2,0.26,1.3330000000000002,low,RT,muscle-skeletal,-1.9434164716336324,0.4146767804268863
ENSG00000165282.14,0.42,1.3330000000000002,low,RT,muscle-skeletal,-1.2515387669959646,0.4146767804268863
ENSG00000151835.16,0.475,1.332,low,RT,muscle-skeletal,-1.074000581443777,0.41359408240917517
ENSG00000185652.12,0.22,1.3304999999999998,low,RT,muscle-skeletal,-2.1844245711374275,0.41196851036013277
ENSG00000158186.13,0.53,1.327,low,RT,muscle-skeletal,-0.9159357352115255,0.40816837070810624
ENSG00000197841.15,0.27,1.327,low,RT,muscle-skeletal,-1.8889686876112561,0.40816837070810624
ENSG00000115641.19,0.33,1.3265,low,RT,muscle-skeletal,-1.5994620704162712,0.40762467556660875
ENSG00000126953.8,0.92,1.318,low,RT,muscle-skeletal,-0.12029423371771177,0.39835037034596477
ENSG00000168803.16,0.28,1.3159999999999998,low,RT,muscle-skeletal,-1.8365012677171204,0.39615948907315424
ENSG00000148120.17,2.24,1.3115,low,RT,muscle-skeletal,1.1634987322828796,0.3912178076028973
ENSG00000196352.16,0.45,1.3115,low,RT,muscle-skeletal,-1.15200309344505,0.3912178076028973
ENSG00000130703.17,0.32,1.307,low,RT,muscle-skeletal,-1.6438561897747246,0.3862591411333461
ENSG00000102390.11,0.39,1.3064999999999998,low,RT,muscle-skeletal,-1.3584539709124763,0.3857071246579335
ENSG00000143740.15,0.3,1.305,low,RT,muscle-skeletal,-1.7369655941662063,0.3840498067951597
ENSG00000140464.20,0.34,1.305,low,RT,muscle-skeletal,-1.5563933485243853,0.3840498067951597
ENSG00000136870.10,0.445,1.305,low,RT,muscle-skeletal,-1.168122758808327,0.3840498067951597
ENSG00000241439.1,0.59,1.3035,low,RT,muscle-skeletal,-0.7612131404128835,0.38239058287346944
ENSG00000164088.18,0.265,1.3025,low,RT,muscle-skeletal,-1.9159357352115254,0.3812833725037835
ENSG00000110172.12,0.245,1.3025,low,RT,muscle-skeletal,-2.0291463456595165,0.3812833725037835
ENSG00000162928.9,0.34,1.2995,low,RT,muscle-skeletal,-1.5563933485243853,0.37795663381011363
ENSG00000196290.16,0.37,1.2990000000000002,low,RT,muscle-skeletal,-1.434402824145775,0.3774014307857942
ENSG00000134152.11,0.26,1.2985000000000002,low,RT,muscle-skeletal,-1.9434164716336324,0.37684601401632056
ENSG00000185808.14,0.29,1.298,low,RT,muscle-skeletal,-1.7858751946471527,0.3762903833370515
ENSG00000148384.14,0.37,1.2935,low,RT,muscle-skeletal,-1.434402824145775,0.37128005402265407
ENSG00000286699.1,0.27,1.293,low,RT,muscle-skeletal,-1.8889686876112561,0.3707222751481672
ENSG00000160179.19,1.7,1.2915,low,RT,muscle-skeletal,0.765534746362977,0.36904764345591323
ENSG00000074755.15,0.52,1.2904999999999998,low,RT,muscle-skeletal,-0.9434164716336325,0.3679301414318826
ENSG00000146540.15,0.97,1.287,low,RT,muscle-skeletal,-0.043943347587597055,0.36401205355861466
ENSG00000134716.11,0.63,1.286,low,RT,muscle-skeletal,-0.6665762662748083,0.3628906426658603
ENSG00000105127.10,0.23,1.285,low,RT,muscle-skeletal,-2.1202942337177118,0.3617683594191533
ENSG00000267023.5,0.65,1.2819999999999998,low,RT,muscle-skeletal,-0.6214883767462701,0.35839626195665375
ENSG00000120725.13,0.39,1.281,low,RT,muscle-skeletal,-1.3584539709124763,0.35727047567955944
ENSG00000148841.17,0.375,1.281,low,RT,muscle-skeletal,-1.415037499278844,0.35727047567955944
ENSG00000171316.12,0.27,1.28,low,RT,muscle-skeletal,-1.8889686876112561,0.35614381022527536
ENSG00000172493.22,1.055,1.2795,low,RT,muscle-skeletal,0.07724299893246035,0.35558014737735943
ENSG00000168907.13,0.2,1.2775,low,RT,muscle-skeletal,-2.321928094887362,0.35332329116289674
ENSG00000170185.10,0.5,1.277,low,RT,muscle-skeletal,-1.0,0.35275852504063665
ENSG00000110455.14,0.295,1.277,low,RT,muscle-skeletal,-1.7612131404128835,0.35275852504063665
ENSG00000275329.1,0.29,1.275,low,RT,muscle-skeletal,-1.7858751946471527,0.35049724708413316
ENSG00000018189.13,0.415,1.2745,low,RT,muscle-skeletal,-1.2688167584278,0.3499313733601147
ENSG00000127415.13,0.64,1.2705,low,RT,muscle-skeletal,-0.6438561897747247,0.3453963753912677
ENSG00000178381.12,0.285,1.2695,low,RT,muscle-skeletal,-1.810966175609983,0.3442603949854187
ENSG00000185485.14,0.625,1.268,low,RT,muscle-skeletal,-0.6780719051126377,0.34255474547732023
ENSG00000119906.13,0.46,1.264,low,RT,muscle-skeletal,-1.1202942337177118,0.3379964635150159
ENSG00000254473.1,0.46,1.263,low,RT,muscle-skeletal,-1.1202942337177118,0.3368546391254651
ENSG00000129946.10,0.31,1.2625,low,RT,muscle-skeletal,-1.6896598793878495,0.33628338786443235
ENSG00000244119.1,0.295,1.262,low,RT,muscle-skeletal,-1.7612131404128835,0.335711910320462
ENSG00000273729.1,0.455,1.262,low,RT,muscle-skeletal,-1.1360615495760285,0.335711910320462
ENSG00000082213.18,0.39,1.2595,low,RT,muscle-skeletal,-1.3584539709124763,0.3328511220721542
ENSG00000181192.12,0.89,1.258,low,RT,muscle-skeletal,-0.16812275880832692,0.33113192221720217
ENSG00000166965.12,0.2,1.257,low,RT,muscle-skeletal,-2.321928094887362,0.3299846497584206
ENSG00000112796.10,0.59,1.256,low,RT,muscle-skeletal,-0.7612131404128835,0.32883646422954
ENSG00000119953.14,0.21,1.255,low,RT,muscle-skeletal,-2.2515387669959646,0.32768736417604716
ENSG00000107263.18,0.59,1.254,low,RT,muscle-skeletal,-0.7612131404128835,0.3265373481399519
ENSG00000090565.17,0.22,1.252,low,RT,muscle-skeletal,-2.1844245711374275,0.32423456227053127
ENSG00000167555.14,0.42,1.251,low,RT,muscle-skeletal,-1.2515387669959646,0.3230817895037326
ENSG00000163312.11,0.26,1.25,low,RT,muscle-skeletal,-1.9434164716336324,0.32192809488736235
ENSG00000099385.12,0.305,1.25,low,RT,muscle-skeletal,-1.7131188522118383,0.32192809488736235
ENSG00000175470.20,0.28,1.2494999999999998,low,RT,muscle-skeletal,-1.8365012677171204,0.3213509014246166
ENSG00000091073.19,0.34,1.247,low,RT,muscle-skeletal,-1.5563933485243853,0.3184614651675831
ENSG00000109171.15,0.35,1.246,low,RT,muscle-skeletal,-1.5145731728297582,0.3173040683619148
ENSG00000185504.17,0.36,1.245,low,RT,muscle-skeletal,-1.4739311883324124,0.31614574229335635
ENSG00000198315.11,0.54,1.2445,low,RT,muscle-skeletal,-0.888968687611256,0.31556623031894865
ENSG00000073614.13,0.85,1.2425000000000002,low,RT,muscle-skeletal,-0.23446525363702297,0.31324585178756165
ENSG00000200714.1,0.35,1.24,low,RT,muscle-skeletal,-1.5145731728297582,0.3103401206121505
ENSG00000278934.1,0.335,1.239,low,RT,muscle-skeletal,-1.577766999316952,0.3091761874785146
ENSG00000100294.13,0.43,1.239,low,RT,muscle-skeletal,-1.2175914350726267,0.3091761874785146
ENSG00000180626.10,0.25,1.239,low,RT,muscle-skeletal,-2.0,0.3091761874785146
ENSG00000125945.15,0.46,1.2365,low,RT,muscle-skeletal,-1.1202942337177118,0.3062622397278507
ENSG00000155666.12,0.27,1.236,low,RT,muscle-skeletal,-1.8889686876112561,0.3056787432422875
ENSG00000162377.6,0.55,1.235,low,RT,muscle-skeletal,-0.862496476250065,0.3045110418099531
ENSG00000273080.1,0.28,1.2345000000000002,low,RT,muscle-skeletal,-1.8365012677171204,0.303926836480695
ENSG00000132329.11,1.73,1.23,low,RT,muscle-skeletal,0.7907720378619999,0.29865831556451516
ENSG00000131732.12,0.31,1.2285,low,RT,muscle-skeletal,-1.6896598793878495,0.2968978577000777
ENSG00000185666.15,0.42,1.227,low,RT,muscle-skeletal,-1.2515387669959646,0.29513524900081806
ENSG00000107186.17,0.42,1.2265,low,RT,muscle-skeletal,-1.2515387669959646,0.29454723389551485
ENSG00000157600.12,1.09,1.225,low,RT,muscle-skeletal,0.12432813500220177,0.29278174922784594
ENSG00000136146.15,0.3,1.224,low,RT,muscle-skeletal,-1.7369655941662063,0.2916035580305647
ENSG00000168040.5,0.33,1.2235,low,RT,muscle-skeletal,-1.5994620704162712,0.29101410141730266
ENSG00000085982.14,0.54,1.221,low,RT,muscle-skeletal,-0.888968687611256,0.2880632003253163
ENSG00000170949.17,0.52,1.221,low,RT,muscle-skeletal,-0.9434164716336325,0.2880632003253163
ENSG00000149308.17,0.29,1.22,low,RT,muscle-skeletal,-1.7858751946471527,0.28688114778816154
ENSG00000225335.3,0.28,1.217,low,RT,muscle-skeletal,-1.8365012677171204,0.28332916805164143
ENSG00000177283.8,0.24,1.212,low,RT,muscle-skeletal,-2.0588936890535687,0.27738969881086384
ENSG00000064115.11,0.265,1.21,low,RT,muscle-skeletal,-1.9159357352115254,0.27500704749986976
ENSG00000198431.16,0.405,1.2095,low,RT,muscle-skeletal,-1.3040061868900998,0.2744107693178379
ENSG00000162714.12,0.27,1.209,low,RT,muscle-skeletal,-1.8889686876112561,0.27381424458703657
ENSG00000115368.10,0.42,1.205,low,RT,muscle-skeletal,-1.2515387669959646,0.269033146455237
ENSG00000189134.4,0.37,1.202,low,RT,muscle-skeletal,-1.434402824145775,0.2654368960490983
ENSG00000164329.13,0.56,1.201,low,RT,muscle-skeletal,-0.8365012677171204,0.26423615104354714
ENSG00000105879.12,0.365,1.198,low,RT,muscle-skeletal,-1.4540316308947074,0.26062790812669856
ENSG00000100311.17,0.285,1.197,low,RT,muscle-skeletal,-1.810966175609983,0.259423152281415
ENSG00000078070.13,0.39,1.196,low,RT,muscle-skeletal,-1.3584539709124763,0.2582173895360179
ENSG00000178921.14,0.31,1.193,low,RT,muscle-skeletal,-1.6896598793878495,0.25459404303314104
ENSG00000158470.5,1.03,1.193,low,RT,muscle-skeletal,0.04264433740849372,0.25459404303314104
ENSG00000223508.5,0.72,1.1905,low,RT,muscle-skeletal,-0.4739311883324124,0.2515676206082469
ENSG00000051382.9,0.5,1.1905,low,RT,muscle-skeletal,-1.0,0.2515676206082469
ENSG00000100528.12,0.3,1.19,low,RT,muscle-skeletal,-1.7369655941662063,0.25096157353321874
ENSG00000228661.1,0.36,1.1895,low,RT,muscle-skeletal,-1.4739311883324124,0.25035527176304756
ENSG00000142655.13,0.36,1.187,low,RT,muscle-skeletal,-1.4739311883324124,0.24731993497981972
ENSG00000168300.14,0.61,1.185,low,RT,muscle-skeletal,-0.7131188522118385,0.24488705912353448
ENSG00000100296.14,0.3,1.1840000000000002,low,RT,muscle-skeletal,-1.7369655941662063,0.24366908096686293
ENSG00000011454.18,0.7949999999999999,1.182,low,RT,muscle-skeletal,-0.3309732344903695,0.24123003551544533
ENSG00000149503.13,0.57,1.182,low,RT,muscle-skeletal,-0.8109661756099832,0.24123003551544533
ENSG00000117481.10,0.345,1.18,low,RT,muscle-skeletal,-1.5353317329965557,0.23878685958711648
ENSG00000167258.15,0.62,1.178,low,RT,muscle-skeletal,-0.6896598793878495,0.23633953916837358
ENSG00000164535.15,0.39,1.173,low,RT,muscle-skeletal,-1.3584539709124763,0.23020301336642146
ENSG00000118855.21,0.42,1.172,low,RT,muscle-skeletal,-1.2515387669959646,0.22897256976016075
ENSG00000010318.21,0.3,1.171,low,RT,muscle-skeletal,-1.7369655941662063,0.22774107583912812
ENSG00000126767.18,0.495,1.17,low,RT,muscle-skeletal,-1.0144995696951151,0.22650852980867975
ENSG00000146909.8,0.37,1.1695,low,RT,muscle-skeletal,-1.434402824145775,0.2258918616903405
ENSG00000178440.8,0.395,1.1665,low,RT,muscle-skeletal,-1.3400754415976217,0.2221863073221123
ENSG00000133818.14,0.58,1.1665,low,RT,muscle-skeletal,-0.7858751946471527,0.2221863073221123
ENSG00000261167.1,0.21,1.1655,low,RT,muscle-skeletal,-2.2515387669959646,0.22094900446677918
ENSG00000163517.15,0.74,1.1655,low,RT,muscle-skeletal,-0.4344028241457749,0.22094900446677918
ENSG00000135336.16,0.46,1.162,low,RT,muscle-skeletal,-1.1202942337177118,0.21661006874244174
ENSG00000136897.8,0.32,1.157,low,RT,muscle-skeletal,-1.6438561897747246,0.21038886444540292
ENSG00000135974.10,0.24,1.157,low,RT,muscle-skeletal,-2.0588936890535687,0.21038886444540292
ENSG00000177752.14,0.69,1.151,low,RT,muscle-skeletal,-0.5353317329965558,0.2028878334701434
ENSG00000108468.15,0.74,1.149,low,RT,muscle-skeletal,-0.4344028241457749,0.20037879798402625
ENSG00000188811.14,0.33,1.147,low,RT,muscle-skeletal,-1.5994620704162712,0.19786539135373798
ENSG00000167325.15,0.64,1.147,low,RT,muscle-skeletal,-0.6438561897747247,0.19786539135373798
ENSG00000170322.14,0.33,1.147,low,RT,muscle-skeletal,-1.5994620704162712,0.19786539135373798
ENSG00000114491.14,0.31,1.146,low,RT,muscle-skeletal,-1.6896598793878495,0.19660704409481772
ENSG00000175536.7,0.24,1.1445,low,RT,muscle-skeletal,-2.0588936890535687,0.1947174628935997
ENSG00000169189.17,0.4,1.1435,low,RT,muscle-skeletal,-1.3219280948873622,0.19345636574958547
ENSG00000077380.16,0.3,1.143,low,RT,muscle-skeletal,-1.7369655941662063,0.1928254035523912
ENSG00000108064.11,0.26,1.138,low,RT,muscle-skeletal,-1.9434164716336324,0.18650055764449475
ENSG00000270728.1,0.255,1.137,low,RT,muscle-skeletal,-1.9714308478032292,0.18523225423016085
ENSG00000254635.6,0.365,1.136,low,RT,muscle-skeletal,-1.4540316308947074,0.1839628348425949
ENSG00000099246.17,0.39,1.124,low,RT,muscle-skeletal,-1.3584539709124763,0.1686420355588392
ENSG00000154719.14,0.85,1.122,low,RT,muscle-skeletal,-0.23446525363702297,0.16607267594670594
ENSG00000154079.6,0.3,1.119,low,RT,muscle-skeletal,-1.7369655941662063,0.16221003631430692
ENSG00000152219.5,0.625,1.107,low,RT,muscle-skeletal,-0.6780719051126377,0.14665522211946516
ENSG00000109270.13,0.32,1.103,low,RT,muscle-skeletal,-1.6438561897747246,0.14143279092929553
ENSG00000161980.6,0.26,1.093,low,RT,muscle-skeletal,-1.9434164716336324,0.12829340100981756
